町名,フリガナ,性別,総数,0歳,1歳,2歳,3歳,4歳,5歳,6歳,7歳,8歳,9歳,10歳,11歳,12歳,13歳,14歳,15歳,16歳,17歳,18歳,19歳,20歳,21歳,22歳,23歳,24歳,25歳,26歳,27歳,28歳,29歳,30歳,31歳,32歳,33歳,34歳,35歳,36歳,37歳,38歳,39歳,40歳,41歳,42歳,43歳,44歳,45歳,46歳,47歳,48歳,49歳,50歳,51歳,52歳,53歳,54歳,55歳,56歳,57歳,58歳,59歳,60歳,61歳,62歳,63歳,64歳,65歳,66歳,67歳,68歳,69歳,70歳,71歳,72歳,73歳,74歳,75歳,76歳,77歳,78歳,79歳,80歳,81歳,82歳,83歳,84歳,85歳,86歳,87歳,88歳,89歳,90歳,91歳,92歳,93歳,94歳,95歳,96歳,97歳,98歳,99歳,100歳以上
保土ケ谷区合計,ホドガヤク_ゴウケイ,男,102367,882,914,999,934,952,908,908,941,982,896,906,946,1029,1004,998,951,1006,1047,1186,1304,1593,1675,1698,1670,1694,1713,1789,1819,1761,1771,1822,1816,1770,1918,1424,1778,1770,1668,1496,1457,1467,1361,1346,1288,1342,1253,1278,1315,1467,1575,1682,1848,1858,1741,1084,1152,1470,1390,1526,1360,1328,1189,1215,1242,1228,1199,1095,1080,1034,949,883,833,780,742,722,654,533,438,374,340,315,252,203,217,188,160,129,95,87,64,37,36,43,28,20,14,6,4,3,1,9
保土ケ谷区合計,ホドガヤク_ゴウケイ,女,100221,871,858,911,875,936,904,898,863,847,874,793,858,873,882,867,1013,1000,977,1021,1132,1203,1239,1436,1330,1390,1483,1568,1683,1730,1649,1666,1644,1675,1664,1299,1553,1536,1427,1444,1281,1288,1257,1202,1169,1223,1180,1266,1301,1369,1429,1637,1789,1773,1800,1074,1240,1537,1445,1582,1479,1423,1202,1324,1287,1317,1342,1125,1186,1088,1123,1012,979,944,832,808,728,619,626,663,524,545,385,354,367,355,312,288,268,211,195,152,115,90,70,49,39,29,13,18,10,11
新井町,アライチョウ,男,3560,33,30,38,27,30,21,29,32,35,25,29,32,27,27,36,32,38,34,40,45,45,35,45,51,49,45,60,57,63,69,60,56,65,50,38,67,53,47,36,53,36,41,35,37,29,31,40,35,52,40,45,68,56,54,29,48,48,50,77,53,75,62,68,74,79,67,64,69,45,37,60,45,30,36,25,16,18,18,18,12,7,8,7,5,1,4,4,4,5,3,1,1,1,2,1,0,0,0,0,0,0
新井町,アライチョウ,女,3547,22,22,24,22,24,33,36,33,15,24,29,26,26,21,30,25,25,30,27,33,35,38,42,36,57,49,57,56,60,60,52,50,45,54,39,46,31,38,52,36,41,33,26,36,28,30,37,46,55,46,60,52,68,72,29,71,73,56,83,82,95,82,79,77,74,70,49,54,43,47,38,45,29,37,21,29,20,23,12,19,16,14,8,12,16,10,11,6,5,8,4,1,3,0,3,1,1,0,0,0,1
仏向町,ブッコウチョウ,男,7239,67,80,81,73,86,82,85,77,93,81,62,76,88,74,70,58,79,50,76,68,110,113,123,118,97,100,117,118,129,126,144,119,127,138,97,139,148,143,122,105,138,108,116,119,94,98,90,91,100,103,123,109,135,98,66,80,89,80,119,89,110,70,91,75,68,82,73,77,61,50,54,70,45,35,45,44,18,26,24,21,24,15,14,7,7,9,13,6,4,2,4,4,2,1,0,2,0,1,1,0,0
仏向町,ブッコウチョウ,女,6746,66,60,72,84,72,69,73,62,79,75,58,58,61,45,59,76,57,59,56,78,74,71,98,70,97,108,99,130,122,117,130,120,114,130,100,133,106,129,110,92,106,105,96,85,74,69,88,76,81,89,108,109,123,92,70,73,100,102,92,95,88,78,80,79,92,91,70,75,67,67,67,67,44,59,48,46,43,29,44,19,20,24,20,23,14,9,13,16,14,11,8,7,3,4,1,2,0,1,1,0,0
藤塚町,フジツカチョウ,男,920,6,9,11,9,12,7,9,13,8,14,7,13,15,12,28,21,20,11,16,11,9,16,10,18,9,12,16,13,6,21,11,16,13,12,9,12,11,11,10,14,17,20,13,10,14,21,18,13,20,24,10,28,19,25,10,15,11,9,9,14,11,9,4,8,9,7,1,3,5,5,7,4,2,7,1,0,2,4,1,1,2,1,0,1,2,0,1,1,0,0,0,0,0,0,0,0,0,0,0,0,0
藤塚町,フジツカチョウ,女,919,9,8,10,10,9,12,14,8,13,11,5,14,24,20,13,15,13,14,13,16,9,5,15,16,14,8,11,10,18,13,9,10,13,9,13,9,15,19,15,14,15,25,11,18,9,21,15,17,15,17,22,14,21,16,10,12,13,9,10,13,10,4,4,7,7,5,5,5,8,2,6,5,3,2,5,1,3,3,7,2,4,1,4,0,5,1,4,1,1,0,1,3,0,0,0,0,1,0,0,0,0
神戸町,ゴウドチョウ,男,915,6,1,4,3,9,8,4,8,7,5,9,12,14,8,9,12,9,9,12,14,8,19,14,22,19,20,12,15,13,17,9,16,10,8,6,11,11,20,7,6,16,7,8,17,26,10,10,19,21,18,16,14,16,12,14,9,17,13,17,11,9,7,7,10,8,9,12,4,12,5,16,11,10,10,8,9,10,5,5,6,6,3,3,2,2,1,2,3,0,0,1,0,1,0,0,0,0,0,0,0,1
神戸町,ゴウドチョウ,女,885,8,3,9,3,0,6,4,4,6,12,10,8,10,6,8,13,8,9,8,13,9,9,12,8,12,13,14,17,20,10,9,5,7,9,11,11,7,12,10,14,13,14,12,10,9,11,8,20,7,9,20,18,17,13,13,12,11,11,15,12,16,8,9,11,15,8,6,7,12,17,18,15,13,17,11,10,8,6,11,9,7,6,0,2,4,0,5,3,1,3,0,3,0,0,0,2,0,0,0,0,0
権太坂一丁目,ゴンタサカ1,男,1557,14,19,19,15,10,7,14,10,17,11,17,16,7,14,14,15,22,19,14,17,28,20,16,16,16,21,29,23,18,26,23,22,33,33,20,32,32,21,17,23,14,13,16,13,19,17,17,22,28,31,38,32,30,29,19,21,20,23,25,23,17,22,22,20,23,22,16,14,21,17,14,10,15,15,15,8,10,12,4,6,8,7,3,7,6,3,1,4,4,1,0,0,0,0,0,0,0,0,0,0,0
権太坂一丁目,ゴンタサカ1,女,1613,11,16,14,10,21,13,13,14,12,16,10,6,12,18,16,14,16,24,17,18,21,17,26,14,21,32,28,24,34,32,31,31,31,23,16,20,20,24,18,16,13,20,16,8,17,27,15,26,19,36,27,33,32,28,15,15,20,25,28,19,24,17,27,25,20,20,26,15,22,19,19,21,15,14,14,6,10,14,3,8,12,11,4,6,7,9,4,4,3,2,1,1,0,0,0,1,0,0,0,0,0
権太坂二丁目,ゴンタサカ2,男,826,11,14,10,17,11,9,10,11,9,7,7,10,6,12,6,4,5,1,9,5,9,13,11,8,14,14,16,14,14,19,25,21,19,15,17,20,17,26,17,9,13,12,11,14,12,10,11,8,14,8,17,10,15,9,5,8,10,6,12,6,10,5,7,9,9,12,10,9,7,3,7,0,4,5,2,0,3,2,1,5,2,2,2,0,1,0,1,0,1,1,0,0,1,0,0,0,1,1,0,0,0
権太坂二丁目,ゴンタサカ2,女,748,17,14,13,13,4,12,7,4,11,5,9,9,10,7,7,9,4,7,10,5,4,9,9,11,12,11,18,9,19,15,20,17,16,15,10,11,9,17,17,9,10,11,8,11,6,4,6,8,9,6,11,7,11,17,5,7,15,4,12,7,11,11,9,15,9,5,7,6,4,6,6,4,5,3,1,5,3,2,7,3,3,1,1,1,2,1,1,2,1,1,2,0,0,0,0,0,0,0,0,0,0
権太坂三丁目,ゴンタサカ3,男,1840,16,17,23,20,21,13,16,20,18,16,13,22,28,23,28,33,30,28,35,31,31,28,29,21,16,26,42,29,37,29,29,44,29,33,29,38,37,27,35,36,22,26,26,25,20,27,30,21,32,41,36,54,27,40,22,35,25,25,24,24,15,15,12,12,9,13,11,8,17,11,7,5,3,7,2,4,8,4,4,0,1,2,2,2,1,0,1,2,1,1,0,0,2,0,0,0,0,0,0,0,0
権太坂三丁目,ゴンタサカ3,女,1774,28,24,22,22,26,19,20,15,14,19,21,18,23,19,23,27,21,33,14,26,29,24,26,26,27,26,28,26,29,35,32,25,40,32,30,28,26,29,28,17,20,34,27,24,31,27,37,27,33,28,37,41,33,48,13,21,27,25,23,16,16,8,17,13,12,19,3,7,13,9,9,5,5,5,9,5,5,6,1,3,6,2,5,4,0,3,5,2,0,1,4,1,0,1,1,0,0,0,0,0,0
花見台,ハナミダイ,男,253,1,3,3,6,7,3,2,3,2,5,0,1,2,4,3,3,2,7,2,2,5,1,4,2,1,2,2,0,3,4,4,7,1,5,2,1,4,2,3,1,1,3,1,2,2,3,3,5,4,5,1,2,4,1,3,4,2,6,3,3,3,2,7,5,3,8,5,1,1,5,1,3,3,3,5,3,2,4,4,1,0,1,2,1,1,1,0,0,2,0,0,1,0,1,1,0,0,0,0,0,0
花見台,ハナミダイ,女,307,4,4,6,2,4,0,5,1,1,5,1,4,5,3,7,3,3,1,4,2,5,1,3,1,4,3,2,5,2,5,5,5,4,4,4,5,0,2,3,3,2,2,5,4,5,3,2,1,6,3,4,2,2,5,6,4,4,5,4,3,2,5,5,7,4,2,4,6,7,5,3,7,5,7,6,3,4,2,2,3,2,2,1,1,0,1,2,2,1,2,0,0,0,0,1,0,0,0,0,0,0
初音ケ丘,ハツネガオカ,男,1709,11,5,14,17,10,15,11,15,10,18,10,15,16,18,34,15,25,19,25,32,21,21,25,27,28,14,21,25,25,29,21,25,28,25,15,28,23,27,15,20,33,22,25,29,26,27,17,28,29,28,35,36,29,28,17,24,24,20,25,24,29,29,9,19,25,26,12,24,20,21,18,19,19,20,12,14,13,10,7,8,4,4,3,3,2,5,3,2,2,0,0,1,0,1,1,0,0,0,0,0,0
初音ケ丘,ハツネガオカ,女,1781,19,12,15,8,16,18,19,15,15,14,12,16,22,19,19,28,21,20,16,26,30,19,24,23,21,28,21,27,20,18,17,23,26,25,17,18,27,19,26,25,21,20,28,24,29,27,24,18,26,27,32,34,34,29,20,25,31,26,30,21,23,24,24,18,25,23,34,23,22,21,17,16,18,18,15,17,15,10,11,11,13,6,7,5,5,5,2,6,5,5,3,0,2,1,0,0,0,1,0,0,0
保土ケ谷町,ホドガヤチョウ,男,1050,11,6,4,6,5,10,7,3,8,5,7,8,8,7,9,9,7,6,3,9,15,15,12,17,34,20,21,22,27,25,26,30,21,29,22,28,22,21,21,17,18,14,20,14,6,9,11,10,8,18,17,20,13,27,10,16,14,8,10,12,15,9,5,16,9,5,11,11,8,12,13,6,7,10,10,4,3,3,1,5,3,4,1,2,6,3,2,2,1,2,0,1,1,1,0,0,0,0,0,0,0
保土ケ谷町,ホドガヤチョウ,女,972,6,6,5,6,10,8,9,8,9,5,4,8,6,8,4,4,5,5,5,13,12,14,14,17,23,21,23,8,25,19,27,12,20,12,12,20,17,14,15,11,12,14,5,9,9,5,17,8,16,11,16,16,20,19,6,4,15,14,12,13,9,7,9,15,13,16,16,9,10,9,6,13,5,7,11,11,12,11,7,11,5,6,7,8,5,3,7,1,2,0,4,1,2,1,0,0,0,0,0,2,0
 # 保土ケ谷町１丁目,ホドガヤチョウ1,男,626,8,4,3,4,5,6,4,0,3,3,1,2,2,2,4,2,1,2,2,4,4,7,7,10,25,16,18,14,23,19,18,23,19,20,20,23,16,12,16,9,11,11,12,10,2,5,7,6,5,11,8,6,9,13,6,12,9,5,5,9,6,3,3,8,6,3,6,6,1,3,7,2,2,3,3,1,0,1,1,4,3,3,0,0,4,1,0,1,1,0,0,0,1,0,0,0,0,0,0,0,0
 # 保土ケ谷町１丁目,ホドガヤチョウ1,女,577,5,3,5,4,4,3,6,2,7,3,2,6,6,2,2,1,4,3,4,8,9,11,8,12,17,16,17,4,20,16,14,10,16,10,10,13,8,11,11,7,6,7,2,4,4,2,6,4,7,5,10,9,14,15,5,3,9,9,6,7,2,3,4,7,9,9,8,4,4,6,1,6,3,3,3,3,8,5,5,3,4,3,4,4,2,1,3,0,1,0,2,1,1,1,0,0,0,0,0,0,0
 # 保土ケ谷町２丁目,ホドガヤチョウ2,男,179,0,1,0,1,0,2,0,1,3,1,2,1,1,1,2,2,3,1,0,2,6,6,3,2,5,3,1,5,3,5,4,5,1,4,1,1,3,4,2,1,1,1,2,2,1,3,2,2,1,2,6,5,0,6,0,2,3,3,4,0,5,4,1,2,0,1,3,3,4,3,1,3,1,2,2,1,1,0,0,1,0,0,1,2,1,0,0,0,0,2,0,0,0,0,0,0,0,0,0,0,0
 # 保土ケ谷町２丁目,ホドガヤチョウ2,女,174,0,1,0,0,3,3,2,4,0,1,0,2,0,1,0,0,1,0,0,1,1,1,3,4,4,1,3,2,4,2,7,1,3,0,2,4,4,1,0,2,2,3,1,2,2,0,6,2,4,2,1,2,3,3,0,1,4,2,2,2,3,3,1,4,2,4,3,3,5,1,3,4,0,0,3,5,3,2,0,3,0,1,1,1,0,2,1,1,1,0,0,0,1,0,0,0,0,0,0,1,0
 # 保土ケ谷町３丁目,ホドガヤチョウ3,男,245,3,1,1,1,0,2,3,2,2,1,4,5,5,4,3,5,3,3,1,3,5,2,2,5,4,1,2,3,1,1,4,2,1,5,1,4,3,5,3,7,6,2,6,2,3,1,2,2,2,5,3,9,4,8,4,2,2,0,1,3,4,2,1,6,3,1,2,2,3,6,5,1,4,5,5,2,2,2,0,0,0,1,0,0,1,2,2,1,0,0,0,1,0,1,0,0,0,0,0,0,0
 # 保土ケ谷町３丁目,ホドガヤチョウ3,女,221,1,2,0,2,3,2,1,2,2,1,2,0,0,5,2,3,0,2,1,4,2,2,3,1,2,4,3,2,1,1,6,1,1,2,0,3,5,2,4,2,4,4,2,3,3,3,5,2,5,4,5,5,3,1,1,0,2,3,4,4,4,1,4,4,2,3,5,2,1,2,2,3,2,4,5,3,1,4,2,5,1,2,2,3,3,0,3,0,0,0,2,0,0,0,0,0,0,0,0,1,0
法泉一丁目,ホウセン1,男,1017,13,9,19,11,14,10,12,13,7,7,15,11,17,8,11,8,8,5,7,8,5,14,11,17,13,17,13,19,19,25,22,32,30,25,17,12,20,15,19,14,17,18,22,17,20,16,11,12,9,14,13,17,18,13,13,8,11,12,16,13,15,10,7,13,12,9,6,5,10,5,4,9,4,5,5,4,2,5,4,6,5,1,2,0,2,2,0,1,0,0,1,0,1,0,0,0,0,0,0,0,0
法泉一丁目,ホウセン1,女,1022,20,12,17,13,12,8,10,9,12,13,8,10,13,15,7,8,10,7,8,11,10,9,14,9,17,17,19,19,26,18,29,23,17,22,15,19,24,19,19,11,13,22,17,10,8,11,17,4,10,12,10,21,22,14,11,12,16,6,12,10,14,16,7,11,7,4,10,8,8,8,5,8,6,8,7,11,7,6,5,2,7,2,1,3,1,4,2,0,0,1,1,2,0,0,0,1,1,0,1,0,0
法泉二丁目,ホウセン2,男,976,9,9,8,9,13,11,6,8,7,11,7,10,9,14,8,6,11,12,19,7,17,23,12,10,19,13,18,16,10,10,16,16,5,6,16,10,18,20,17,11,8,11,11,11,13,11,11,10,26,10,17,19,21,27,13,11,14,22,24,12,20,13,11,15,15,8,14,13,7,12,13,4,9,7,7,7,3,4,0,1,2,2,3,1,1,1,1,0,0,0,1,2,0,0,0,0,0,0,0,0,0
法泉二丁目,ホウセン2,女,948,13,5,11,11,6,7,4,9,6,8,10,6,10,8,9,4,6,11,9,18,17,15,12,10,11,16,9,19,20,12,18,16,12,15,11,13,8,9,16,8,13,13,12,9,15,14,13,13,14,13,20,23,26,24,17,11,23,16,19,14,14,7,17,11,11,13,11,9,7,14,6,10,6,7,4,4,4,7,3,1,1,2,3,3,3,2,1,2,1,3,1,0,0,0,0,0,0,0,0,0,0
法泉三丁目,ホウセン3,男,1102,8,7,12,18,11,12,9,14,11,9,11,7,19,16,16,14,11,13,19,19,19,19,17,16,15,16,18,11,15,17,22,12,13,15,10,17,19,10,20,15,16,17,13,13,11,15,12,19,12,11,26,12,14,20,18,14,9,20,17,14,15,7,14,12,12,8,11,5,18,10,15,7,10,14,13,6,6,5,3,4,4,3,0,8,2,3,2,3,1,0,0,2,1,2,1,0,0,0,0,0,0
法泉三丁目,ホウセン3,女,1134,14,11,6,7,12,10,10,9,13,9,7,7,9,12,13,14,11,11,9,17,10,23,18,11,13,14,12,20,17,14,9,14,15,13,16,18,13,10,14,13,16,13,9,17,11,12,16,20,15,14,19,23,19,26,17,16,12,16,18,15,21,13,13,9,12,18,15,15,21,13,14,27,13,11,15,9,14,3,12,5,5,7,1,3,4,3,3,3,3,1,1,1,1,1,0,0,0,0,1,1,0
星川一丁目,ホシカワ1,男,1425,18,10,11,10,10,6,8,12,10,14,14,12,9,12,10,10,11,19,20,18,33,27,29,31,27,31,21,20,19,16,19,18,17,26,15,23,23,23,21,24,19,16,16,10,21,19,25,26,19,23,28,29,44,29,16,22,21,14,25,22,13,17,15,15,12,17,13,12,17,12,13,9,10,8,8,10,8,5,11,6,8,7,4,4,5,6,4,1,1,0,0,1,2,0,0,0,0,0,0,0,0
星川一丁目,ホシカワ1,女,1483,10,8,7,4,17,9,18,10,12,8,12,10,12,14,8,21,17,16,21,21,15,28,23,22,23,13,29,35,28,15,20,22,20,13,21,19,22,17,15,16,14,18,18,21,20,21,21,24,23,25,35,36,30,30,12,20,25,14,15,9,19,9,16,12,19,20,14,15,19,17,17,11,17,15,18,9,15,14,14,7,14,12,7,6,9,3,6,7,8,3,2,2,0,2,0,2,1,0,0,0,0
星川二丁目,ホシカワ2,男,937,3,2,9,8,8,7,4,14,6,11,13,8,20,14,11,7,16,5,9,7,20,13,15,15,9,20,11,19,16,9,13,13,7,13,5,14,12,12,9,7,13,19,17,15,14,9,15,15,17,18,14,21,26,15,13,13,13,13,10,15,12,11,14,9,7,15,10,14,12,10,7,10,6,4,3,9,8,6,4,4,5,4,2,1,1,2,1,3,1,0,0,2,0,0,1,0,0,0,0,0,0
星川二丁目,ホシカワ2,女,970,6,5,5,6,5,7,13,6,7,8,15,9,11,6,9,12,7,14,16,6,7,14,13,12,14,11,13,16,16,12,13,12,4,13,8,20,17,13,11,12,17,12,18,10,19,15,18,14,16,17,12,17,18,11,10,19,17,10,12,7,16,12,16,15,9,12,12,11,10,7,10,13,8,7,12,10,9,6,6,12,7,7,3,3,2,6,2,5,1,2,2,0,1,1,0,1,0,0,1,0,0
星川三丁目,ホシカワ3,男,1120,4,5,13,3,8,7,11,7,9,14,17,12,7,9,9,10,16,18,12,21,16,23,20,15,19,19,16,22,14,21,21,23,11,16,20,15,17,23,19,16,20,11,10,19,16,21,19,18,16,29,16,21,23,23,14,19,23,17,15,15,9,10,9,14,10,14,7,9,15,9,3,5,5,10,5,3,6,10,2,1,3,5,3,1,2,4,1,0,0,0,2,0,0,0,0,0,0,0,0,0,0
星川三丁目,ホシカワ3,女,1113,10,3,6,3,15,13,16,9,11,14,9,7,6,15,7,12,12,10,7,15,12,10,13,18,21,19,14,16,20,19,18,16,21,24,11,22,19,22,15,11,10,10,11,14,21,16,20,6,23,18,17,19,25,26,11,15,7,13,13,14,10,19,14,8,13,18,15,11,10,11,8,9,12,14,7,10,7,8,10,5,12,2,4,2,6,5,2,2,1,0,0,2,2,1,1,0,0,1,0,0,1
今井町,イマイチョウ,男,2940,33,27,42,44,25,38,42,43,41,42,37,44,40,33,28,34,29,32,28,31,30,30,33,33,47,44,44,40,38,51,45,42,36,46,41,49,53,47,44,61,50,52,58,36,33,35,48,42,47,47,51,58,56,55,31,37,49,35,34,41,37,37,34,35,38,28,29,28,22,21,8,22,18,11,16,13,11,12,7,8,3,5,4,4,5,3,6,2,3,4,2,0,1,1,0,0,0,0,0,0,0
今井町,イマイチョウ,女,2854,24,30,43,24,36,45,33,39,33,35,29,35,40,29,23,24,30,22,31,39,26,23,37,28,27,35,50,37,50,37,44,42,51,57,43,43,47,41,61,45,46,51,32,38,37,35,34,45,40,48,41,42,51,49,34,24,39,36,32,47,52,41,34,32,30,24,21,27,24,16,23,16,19,16,15,20,8,11,13,10,17,14,9,12,12,12,6,8,9,11,4,6,6,0,3,1,0,0,2,1,0
岩井町,イワイチョウ,男,3666,25,39,33,25,30,34,24,35,34,29,28,27,25,32,42,34,32,42,34,33,45,57,56,74,70,92,72,104,78,64,69,78,59,79,50,64,58,60,58,50,43,54,43,48,59,31,57,39,66,44,58,66,68,60,33,41,53,62,54,42,43,48,35,36,44,38,38,35,24,31,28,24,33,25,26,35,22,12,9,13,13,11,2,7,8,6,7,4,4,2,0,0,6,0,2,0,0,0,0,0,0
岩井町,イワイチョウ,女,3473,30,20,26,37,23,28,25,28,26,26,28,33,23,30,31,34,28,19,38,30,29,63,61,66,59,68,64,65,59,53,66,50,54,57,60,55,50,57,46,47,51,28,47,30,53,39,57,37,41,52,51,70,61,61,41,39,50,40,49,38,39,39,41,51,40,49,41,54,30,28,34,34,28,32,31,24,27,23,29,19,21,12,11,18,12,17,4,7,5,7,8,3,10,7,4,3,2,1,0,0,1
岩間町,イワマチョウ,男,884,7,9,5,4,6,5,6,6,9,4,4,10,11,6,11,12,5,11,10,11,13,14,15,12,10,14,18,14,16,10,10,18,14,20,16,24,14,13,10,16,8,11,6,8,14,10,13,13,13,17,14,17,14,18,9,13,16,13,17,15,11,7,5,10,10,7,11,7,6,8,10,7,9,9,5,8,6,8,3,2,3,6,7,2,6,1,2,1,1,0,1,0,1,0,2,0,0,0,0,0,0
岩間町,イワマチョウ,女,905,9,7,3,6,5,4,3,5,2,6,5,5,6,5,6,10,12,4,10,11,10,8,12,8,6,22,10,25,19,24,15,15,15,18,8,11,11,19,7,7,9,14,10,14,13,21,19,8,18,10,7,26,17,18,10,14,13,13,13,13,8,10,14,12,13,9,7,14,12,12,6,10,6,5,10,5,6,9,9,6,6,2,7,5,8,1,2,6,2,3,2,1,0,1,0,0,1,0,1,0,0
 # 岩間町１丁目,イワマチョウ1,男,576,4,6,3,3,5,4,4,5,5,2,3,7,5,6,10,9,4,9,8,8,10,10,13,8,6,8,10,10,9,5,5,12,8,12,9,13,10,11,3,9,5,7,3,6,8,9,11,10,12,13,10,10,8,14,9,6,11,10,9,10,7,3,4,7,6,7,8,3,3,4,6,4,6,4,2,4,4,4,2,0,1,4,1,2,1,1,2,1,1,0,0,0,0,0,2,0,0,0,0,0,0
 # 岩間町１丁目,イワマチョウ1,女,583,6,4,3,2,4,2,1,5,1,4,4,4,5,4,5,4,9,4,7,9,8,5,8,5,4,11,5,15,11,17,14,9,10,12,6,7,8,8,3,3,6,10,8,10,8,17,14,6,16,8,3,21,12,11,6,9,9,7,8,9,7,6,11,10,7,3,4,9,10,6,3,6,3,3,3,4,3,4,2,2,3,0,2,5,2,1,1,4,1,3,1,0,0,0,0,0,0,0,0,0,0
 # 岩間町２丁目,イワマチョウ2,男,308,3,3,2,1,1,1,2,1,4,2,1,3,6,0,1,3,1,2,2,3,3,4,2,4,4,6,8,4,7,5,5,6,6,8,7,11,4,2,7,7,3,4,3,2,6,1,2,3,1,4,4,7,6,4,0,7,5,3,8,5,4,4,1,3,4,0,3,4,3,4,4,3,3,5,3,4,2,4,1,2,2,2,6,0,5,0,0,0,0,0,1,0,1,0,0,0,0,0,0,0,0
 # 岩間町２丁目,イワマチョウ2,女,322,3,3,0,4,1,2,2,0,1,2,1,1,1,1,1,6,3,0,3,2,2,3,4,3,2,11,5,10,8,7,1,6,5,6,2,4,3,11,4,4,3,4,2,4,5,4,5,2,2,2,4,5,5,7,4,5,4,6,5,4,1,4,3,2,6,6,3,5,2,6,3,4,3,2,7,1,3,5,7,4,3,2,5,0,6,0,1,2,1,0,1,1,0,1,0,0,1,0,1,0,0
岩崎町,イワサキチョウ,男,1267,8,9,14,12,16,20,13,20,22,21,23,12,10,13,13,12,8,14,13,16,12,7,15,14,21,10,12,14,16,19,23,15,14,25,20,23,23,19,21,17,23,16,15,13,18,12,13,14,16,26,16,23,20,23,12,17,20,19,13,11,16,13,10,18,17,19,11,12,14,7,20,14,10,19,16,12,11,6,6,6,3,3,4,5,5,7,3,0,3,0,4,1,0,2,0,1,0,0,0,0,0
岩崎町,イワサキチョウ,女,1369,9,10,15,9,8,12,11,28,15,15,12,13,9,13,11,14,15,13,13,13,11,17,15,11,13,16,19,19,15,24,17,17,26,19,10,27,34,14,25,21,14,14,19,13,24,10,11,13,17,15,16,25,22,23,19,15,16,21,24,15,19,14,14,16,14,15,19,21,22,18,16,15,18,19,19,13,14,12,9,9,16,10,10,4,5,3,5,2,4,5,6,4,1,1,0,2,0,0,1,0,0
釜台町,カマダイチョウ,男,1769,17,13,21,8,18,15,8,10,20,16,13,17,17,24,23,16,23,25,21,27,43,52,44,30,35,24,34,28,16,26,28,31,26,42,27,27,31,41,29,29,24,32,21,29,30,13,25,37,20,21,34,26,32,24,19,19,20,12,24,23,16,13,15,17,20,22,14,21,10,11,14,14,22,14,15,12,5,3,2,5,5,1,3,4,1,3,1,1,2,1,0,0,0,0,1,0,0,0,0,0,1
釜台町,カマダイチョウ,女,1769,18,16,20,10,19,17,17,16,12,13,12,18,13,20,17,16,16,25,28,23,33,38,35,38,22,20,24,26,37,30,18,31,34,38,21,23,30,33,31,20,21,23,25,29,25,27,31,23,31,18,18,29,20,35,26,6,22,18,23,24,24,15,26,26,19,21,12,23,16,21,16,17,16,14,9,12,9,7,10,7,7,4,4,6,2,4,3,2,3,7,1,1,0,0,0,1,0,1,0,1,0
鎌谷町,カマヤチョウ,男,2260,8,18,11,19,15,21,10,14,10,12,12,14,11,27,19,23,17,19,30,34,36,63,53,50,48,38,44,28,35,26,33,31,37,40,28,31,31,29,32,39,31,21,20,28,27,28,27,23,23,36,41,38,31,36,18,28,32,34,28,35,22,22,26,33,32,30,25,29,38,35,28,27,18,14,28,22,24,23,13,14,14,11,13,7,4,5,1,5,4,2,4,0,2,0,1,1,1,0,0,0,1
鎌谷町,カマヤチョウ,女,2078,10,17,9,15,22,13,13,23,11,8,26,15,11,18,23,19,18,25,20,19,23,23,37,28,28,28,32,26,26,15,27,11,27,35,35,24,26,22,22,27,18,27,23,20,25,30,30,32,14,28,36,31,31,31,16,28,29,26,45,42,20,32,32,34,41,48,30,33,35,25,28,30,37,24,22,21,21,20,24,15,9,12,8,9,5,11,7,9,4,2,0,3,1,3,0,1,2,0,0,0,1
上星川町,カミホシカワチョウ,男,2944,27,23,14,23,22,27,27,21,25,21,23,27,26,21,34,37,27,27,32,43,62,44,45,51,51,48,45,57,61,59,60,67,69,67,39,45,42,30,34,34,45,38,37,39,31,30,32,39,33,41,45,58,45,45,33,19,48,36,47,46,36,38,32,43,38,37,28,28,36,38,36,29,28,20,20,22,11,10,13,13,7,7,11,10,8,8,2,4,2,0,2,0,2,1,0,0,0,0,0,0,0
上星川町,カミホシカワチョウ,女,2892,31,17,18,25,30,27,23,15,29,13,26,22,29,23,24,33,32,28,29,36,22,39,43,33,41,37,40,63,52,59,65,52,52,47,38,33,46,38,23,33,38,36,34,33,35,33,28,39,41,36,39,41,41,37,27,51,42,40,50,36,43,46,49,34,44,39,28,31,40,33,37,35,39,32,18,19,18,18,22,19,18,12,16,8,14,9,9,9,3,4,6,6,4,2,3,0,1,0,1,0,0
上菅田町,カミスゲダチョウ,男,7540,74,63,67,52,72,57,65,59,67,69,71,63,70,67,70,64,70,75,87,83,106,96,95,106,117,107,140,140,136,116,143,136,148,138,96,101,114,99,74,89,89,91,80,90,78,81,78,88,90,128,96,127,141,115,88,96,134,126,131,123,119,125,129,130,139,123,130,114,96,80,70,69,56,53,63,43,41,31,27,26,24,17,11,17,17,10,14,6,9,8,0,3,1,2,1,2,1,0,0,0,1
上菅田町,カミスゲダチョウ,女,7662,59,52,58,53,51,69,46,44,50,63,61,60,59,65,67,73,78,78,78,82,84,92,120,108,84,108,107,116,137,124,108,117,121,97,87,104,100,80,92,87,78,73,73,72,72,74,73,102,90,120,111,146,141,145,119,104,126,145,163,154,138,126,122,144,149,124,105,118,98,98,72,70,76,66,66,58,40,47,58,45,58,31,37,29,23,27,28,27,23,11,12,10,5,7,7,2,2,1,1,1,0
狩場町,カリバチョウ,男,4170,43,53,46,45,38,54,43,57,50,43,41,39,56,36,51,50,61,52,69,60,52,50,50,51,61,63,69,63,78,71,74,81,90,92,74,85,90,94,87,63,66,56,69,54,65,50,57,64,76,84,80,83,95,83,46,39,49,53,44,49,41,28,37,31,22,34,21,29,22,19,20,26,19,22,12,19,11,5,6,12,6,6,4,5,2,8,6,3,0,2,1,0,1,1,1,0,0,0,0,0,1
狩場町,カリバチョウ,女,3972,52,44,61,52,55,49,35,44,39,54,29,53,28,41,46,51,51,57,45,54,57,50,61,45,53,59,66,58,61,76,63,75,74,75,63,81,72,63,65,54,54,48,53,47,70,51,70,73,69,60,79,90,73,61,33,34,41,45,48,38,46,29,30,38,32,41,35,23,21,33,22,17,24,10,22,20,13,13,18,15,15,10,10,10,9,14,9,10,10,6,4,3,3,5,1,2,1,0,0,0,0
霞台,カスミダイ,男,1114,4,9,12,10,7,10,5,10,9,13,3,6,12,6,6,7,7,9,13,8,15,12,12,15,16,12,16,21,18,28,17,14,25,17,7,11,20,13,13,14,13,13,7,7,12,7,18,18,19,13,20,23,23,20,14,20,22,13,14,21,14,17,17,14,18,20,19,18,17,14,14,14,12,13,8,12,13,8,5,6,2,8,3,5,6,4,4,2,3,0,2,0,0,1,1,0,0,0,1,0,0
霞台,カスミダイ,女,1217,8,10,10,9,6,6,4,8,4,6,4,6,10,8,14,13,7,5,15,10,11,16,12,22,30,11,24,15,20,19,14,17,10,16,12,17,9,10,10,16,11,9,8,17,12,9,10,12,21,17,13,23,23,25,13,17,14,19,25,24,21,15,17,18,17,23,20,21,21,24,15,20,15,18,9,14,10,9,15,11,10,11,5,13,2,7,8,5,4,7,2,3,2,3,1,2,0,2,1,0,0
帷子町,カタビラチョウ,男,643,6,9,9,10,3,9,6,4,2,5,4,4,4,4,3,5,4,8,4,1,6,6,5,12,4,15,12,10,14,13,15,22,24,22,10,16,17,22,12,7,13,9,9,7,8,12,7,5,12,11,10,8,14,16,6,5,8,9,8,8,8,2,5,3,2,2,6,7,6,6,6,2,5,3,3,3,1,2,3,1,4,2,1,2,1,0,1,1,0,1,0,0,1,0,0,0,0,0,0,0,0
帷子町,カタビラチョウ,女,671,8,6,10,7,8,6,4,3,4,7,5,2,6,4,2,3,2,2,3,4,4,4,9,12,3,12,20,21,12,22,18,19,13,16,11,14,16,10,12,17,7,10,6,4,6,11,9,9,9,12,6,13,13,14,4,6,11,3,5,10,5,7,2,5,6,9,5,7,3,6,5,5,5,5,6,9,4,6,4,2,6,2,0,6,2,4,2,3,2,5,0,0,1,0,0,1,2,0,0,0,0
 # 帷子町１丁目,カタビラチョウ1,男,313,5,4,4,5,1,3,3,1,1,2,3,2,3,0,2,4,1,4,2,0,4,3,4,5,2,10,3,5,8,8,6,10,8,11,5,10,7,13,6,3,4,3,4,4,5,7,3,5,8,10,4,3,10,10,5,2,1,3,1,2,7,1,2,1,0,1,1,3,2,2,6,0,2,1,0,2,0,1,1,1,2,0,0,1,1,0,0,0,0,0,0,0,0,0,0,0,0,0,0,0,0
 # 帷子町１丁目,カタビラチョウ1,女,332,2,4,9,3,3,3,2,1,2,3,2,2,2,3,2,1,1,2,0,4,0,3,7,6,1,6,12,14,8,5,6,10,7,6,7,9,10,6,8,9,3,4,3,3,3,4,5,5,4,9,3,8,8,7,2,2,2,2,3,5,3,2,1,2,2,4,3,4,0,1,1,3,3,0,3,2,2,4,1,1,3,1,0,3,0,1,2,2,1,1,0,0,0,0,0,0,0,0,0,0,0
 # 帷子町２丁目,カタビラチョウ2,男,330,1,5,5,5,2,6,3,3,1,3,1,2,1,4,1,1,3,4,2,1,2,3,1,7,2,5,9,5,6,5,9,12,16,11,5,6,10,9,6,4,9,6,5,3,3,5,4,0,4,1,6,5,4,6,1,3,7,6,7,6,1,1,3,2,2,1,5,4,4,4,0,2,3,2,3,1,1,1,2,0,2,2,1,1,0,0,1,1,0,1,0,0,1,0,0,0,0,0,0,0,0
 # 帷子町２丁目,カタビラチョウ2,女,339,6,2,1,4,5,3,2,2,2,4,3,0,4,1,0,2,1,0,3,0,4,1,2,6,2,6,8,7,4,17,12,9,6,10,4,5,6,4,4,8,4,6,3,1,3,7,4,4,5,3,3,5,5,7,2,4,9,1,2,5,2,5,1,3,4,5,2,3,3,5,4,2,2,5,3,7,2,2,3,1,3,1,0,3,2,3,0,1,1,4,0,0,1,0,0,1,2,0,0,0,0
川辺町,カワベチョウ,男,1664,24,15,28,24,34,23,23,23,21,22,22,25,13,23,10,22,17,14,9,20,12,20,15,14,15,19,26,26,27,26,37,36,35,40,36,38,42,45,32,38,26,34,25,33,34,27,18,20,20,24,25,31,19,23,20,13,13,20,19,15,7,14,16,11,19,9,14,17,7,15,10,11,8,5,11,9,6,6,2,0,3,3,4,1,1,1,2,2,0,0,0,0,0,0,0,0,0,0,0,0,0
川辺町,カワベチョウ,女,1816,19,28,37,27,29,20,31,23,17,27,16,19,13,24,12,18,20,12,19,7,17,15,17,17,16,18,17,23,23,37,38,41,48,51,37,44,42,37,29,31,36,35,26,23,26,18,19,23,21,22,34,21,23,26,14,23,35,18,28,31,28,11,20,17,10,25,9,19,19,14,17,12,8,11,10,7,6,10,10,5,6,6,1,3,4,1,1,2,1,1,2,0,1,0,0,0,1,0,0,0,0
川島町,カワシマチョウ,男,5470,40,47,50,51,46,35,46,46,46,44,55,63,67,69,70,48,57,87,71,60,62,59,67,86,74,89,97,101,85,90,97,79,82,102,74,78,92,88,81,64,73,54,63,64,49,64,72,60,76,82,79,95,112,89,54,64,83,82,73,74,83,86,82,85,83,78,67,78,81,70,55,74,42,42,51,42,26,21,17,15,19,14,7,16,8,4,3,4,4,6,0,0,0,0,0,0,0,0,0,0,0
川島町,カワシマチョウ,女,5583,38,53,40,41,56,39,51,57,44,62,45,55,56,55,61,66,80,64,74,64,68,59,59,63,62,69,87,86,81,82,74,86,82,78,66,62,70,70,69,63,62,59,76,68,52,70,65,80,73,77,104,85,90,106,58,71,101,98,87,91,95,83,102,76,101,95,64,88,77,53,69,49,62,40,37,29,35,32,33,48,30,22,17,20,17,12,18,15,13,10,7,7,4,2,2,3,3,0,0,0,3
東川島町,ヒガシカワシマチョウ,男,2220,23,26,19,20,20,15,16,21,19,9,17,13,25,21,13,16,20,18,32,28,30,34,44,34,58,46,45,29,57,43,51,48,45,44,38,49,29,31,32,39,27,20,21,24,33,26,26,35,37,34,38,41,41,39,25,17,31,27,29,29,33,24,26,18,27,22,34,17,19,17,15,11,20,18,14,14,7,9,6,9,7,7,6,6,4,1,3,1,2,2,1,1,0,0,0,2,0,0,0,0,0
東川島町,ヒガシカワシマチョウ,女,2020,22,18,21,17,20,9,17,21,17,9,14,17,13,17,17,15,22,25,25,20,29,25,36,28,26,33,25,53,34,28,32,34,32,23,30,38,28,36,16,24,29,19,33,25,22,26,22,31,32,33,37,39,33,34,24,16,37,24,32,37,23,17,32,22,15,30,25,24,25,23,18,23,30,9,15,11,12,17,13,9,9,12,12,7,9,4,7,2,0,1,6,2,1,3,1,0,0,0,0,0,0
峰岡町,ミネオカチョウ,男,3685,21,20,24,31,24,27,23,26,28,21,29,30,36,27,23,26,31,22,39,72,87,108,101,83,77,67,73,65,66,55,67,66,45,58,38,58,47,56,60,49,44,40,52,36,42,42,42,46,32,58,71,54,52,62,38,37,50,49,74,50,54,43,46,38,38,38,30,38,43,37,41,29,41,34,38,37,28,24,24,15,20,12,9,8,10,8,2,3,6,4,2,2,2,1,0,2,1,0,0,0,0
峰岡町,ミネオカチョウ,女,3416,21,24,15,28,19,20,21,25,29,26,26,21,27,42,19,29,30,29,42,53,49,53,68,53,41,44,46,43,44,54,49,49,47,57,27,45,59,31,40,38,45,33,40,35,38,28,50,47,42,58,55,43,50,63,29,38,62,43,60,43,36,31,37,60,49,56,53,45,43,58,60,43,43,50,46,38,24,25,29,20,22,20,13,20,23,20,14,13,7,11,4,7,3,1,4,1,2,0,0,0,0
 # 峰岡町１丁目,ミネオカチョウ1,男,1210,7,11,10,16,7,13,7,12,13,6,12,8,13,14,6,14,9,8,14,19,25,21,21,23,18,16,21,17,20,17,20,17,15,21,11,19,18,24,26,18,25,23,22,13,13,10,18,14,15,21,28,19,17,23,18,10,15,13,28,15,21,14,11,9,15,13,10,8,12,14,9,13,9,12,13,13,4,4,8,4,6,4,3,2,3,5,1,0,1,1,1,0,0,0,0,0,0,0,0,0,0
 # 峰岡町１丁目,ミネオカチョウ1,女,1174,9,11,4,13,6,7,8,10,10,11,10,8,10,13,6,14,10,11,12,15,19,11,19,17,14,14,23,18,17,21,15,23,11,21,8,18,28,14,18,17,13,13,14,15,11,11,17,20,16,31,10,20,14,25,12,6,15,8,19,10,13,6,14,18,18,23,17,19,13,18,21,11,14,20,11,5,7,8,13,7,4,4,6,8,8,6,3,6,1,3,0,1,1,1,1,0,1,0,0,0,0
 # 峰岡町２丁目,ミネオカチョウ2,男,1699,11,6,11,11,14,11,11,9,11,9,9,17,18,8,14,8,14,10,16,30,32,45,50,40,41,33,34,31,31,31,33,32,21,27,23,28,23,19,29,24,13,12,19,16,22,20,15,23,13,30,30,20,26,25,17,16,25,27,33,23,27,19,26,23,16,15,16,21,19,18,25,9,24,14,20,20,13,12,12,5,12,5,6,3,3,3,0,2,4,3,1,0,2,0,0,1,0,0,0,0,0
 # 峰岡町２丁目,ミネオカチョウ2,女,1572,10,11,9,12,12,8,9,13,14,14,12,7,11,23,8,11,14,11,21,20,19,28,30,22,13,18,20,23,19,21,22,21,24,24,18,20,20,12,16,17,25,14,20,16,21,8,26,19,16,20,30,18,27,24,13,23,30,25,30,25,18,15,18,30,21,21,28,21,23,28,31,23,19,23,21,24,12,10,8,8,12,11,4,8,11,9,7,5,3,6,3,3,0,0,1,0,0,0,0,0,0
 # 峰岡町３丁目,ミネオカチョウ3,男,776,3,3,3,4,3,3,5,5,4,6,8,5,5,5,3,4,8,4,9,23,30,42,30,20,18,18,18,17,15,7,14,17,9,10,4,11,6,13,5,7,6,5,11,7,7,12,9,9,4,7,13,15,9,14,3,11,10,9,13,12,6,10,9,6,7,10,4,9,12,5,7,7,8,8,5,4,11,8,4,6,2,3,0,3,4,0,1,1,1,0,0,2,0,1,0,1,1,0,0,0,0
 # 峰岡町３丁目,ミネオカチョウ3,女,670,2,2,2,3,1,5,4,2,5,1,4,6,6,6,5,4,6,7,9,18,11,14,19,14,14,12,3,2,8,12,12,5,12,12,1,7,11,5,6,4,7,6,6,4,6,9,7,8,10,7,15,5,9,14,4,9,17,10,11,8,5,10,5,12,10,12,8,5,7,12,8,9,10,7,14,9,5,7,8,5,6,5,3,4,4,5,4,2,3,2,1,3,2,0,2,1,1,0,0,0,0
峰沢町,ミネザワチョウ,男,2086,19,13,25,16,12,15,19,12,8,12,13,22,21,29,14,23,23,22,44,64,65,54,43,46,47,47,37,47,30,32,28,38,37,36,30,38,23,30,19,14,21,34,25,14,36,28,25,23,28,34,37,38,31,42,19,22,31,33,35,19,23,21,31,26,25,20,15,14,21,19,16,16,10,7,11,13,9,7,9,7,3,2,3,4,4,0,2,1,0,2,1,1,0,0,0,1,0,0,0,0,0
峰沢町,ミネザワチョウ,女,1889,14,20,12,8,18,10,15,13,16,12,11,18,12,12,16,25,24,17,21,32,32,21,22,34,33,31,38,30,32,36,23,28,38,36,21,26,25,18,23,27,23,29,18,21,31,32,32,21,32,33,26,57,36,39,21,24,34,27,33,37,33,22,25,25,15,21,20,27,16,23,13,13,15,10,18,8,8,14,9,6,7,1,3,0,9,4,0,5,2,2,2,3,2,1,0,1,0,0,0,0,0
宮田町,ミヤタチョウ,男,1373,10,10,8,6,12,11,6,9,11,8,11,13,11,12,9,6,12,13,12,16,19,20,22,22,22,21,26,25,23,28,18,20,19,20,23,36,26,27,13,23,16,11,15,14,14,17,22,19,19,20,21,24,30,29,9,13,22,14,25,18,29,19,20,16,14,14,22,14,16,18,18,13,11,17,17,13,16,9,8,9,7,6,1,3,3,5,1,2,0,0,0,0,1,0,0,0,0,0,0,0,0
宮田町,ミヤタチョウ,女,1300,7,10,12,13,4,13,9,11,13,11,7,9,5,7,9,9,10,9,11,13,10,16,20,13,23,18,22,14,12,14,21,23,18,16,11,20,26,14,18,9,11,17,14,14,15,15,12,20,18,21,21,21,22,18,11,11,14,22,20,28,9,13,17,17,26,28,17,25,15,19,20,20,21,21,20,18,14,16,12,8,8,5,6,4,11,9,4,5,2,3,3,2,3,2,0,1,0,0,0,0,1
 # 宮田町１丁目,ミヤタチョウ1,男,658,6,7,4,3,6,6,4,4,4,3,6,4,5,6,1,3,9,4,4,7,4,4,10,9,11,8,12,10,10,13,12,5,9,8,12,20,7,11,10,11,6,6,4,3,7,7,11,9,13,11,7,10,18,14,5,5,10,7,16,10,14,6,13,10,10,8,9,6,8,10,16,9,6,7,9,9,10,4,3,3,4,5,0,1,2,1,1,2,0,0,0,0,1,0,0,0,0,0,0,0,0
 # 宮田町１丁目,ミヤタチョウ1,女,619,4,5,6,6,1,3,6,3,6,4,2,5,2,2,6,5,2,3,4,5,6,8,8,5,8,12,14,6,4,4,11,13,11,7,4,4,12,9,8,5,4,8,8,7,7,3,5,9,8,13,11,9,7,6,3,6,5,9,12,14,8,6,8,8,11,18,11,12,7,9,10,11,10,12,12,10,6,9,6,6,5,4,4,3,7,4,2,3,1,2,0,0,1,0,0,0,0,0,0,0,0
 # 宮田町２丁目,ミヤタチョウ2,男,476,4,2,4,2,6,5,1,4,6,1,1,7,5,1,5,3,2,6,7,7,12,10,10,8,8,11,12,9,11,8,3,12,7,8,4,12,14,12,3,8,4,3,9,9,5,4,9,7,4,7,8,12,8,6,3,5,9,5,6,5,9,9,5,3,2,2,8,6,2,4,1,2,3,6,5,1,3,3,4,2,2,1,1,1,0,2,0,0,0,0,0,0,0,0,0,0,0,0,0,0,0
 # 宮田町２丁目,ミヤタチョウ2,女,452,2,4,5,5,2,10,2,6,5,5,3,1,1,3,1,3,7,4,4,3,1,5,8,8,11,5,5,5,7,8,8,8,6,7,5,12,12,4,4,4,4,6,3,2,6,10,6,3,8,4,7,8,11,8,3,2,8,8,6,7,0,6,3,6,9,9,4,7,2,7,7,6,8,4,2,5,4,7,5,1,3,0,1,0,4,2,2,1,1,1,1,1,1,1,0,1,0,0,0,0,1
 # 宮田町３丁目,ミヤタチョウ3,男,239,0,1,0,1,0,0,1,1,1,4,4,2,1,5,3,0,1,3,1,2,3,6,2,5,3,2,2,6,2,7,3,3,3,4,7,4,5,4,0,4,6,2,2,2,2,6,2,3,2,2,6,2,4,9,1,3,3,2,3,3,6,4,2,3,2,4,5,2,6,4,1,2,2,4,3,3,3,2,1,4,1,0,0,1,1,2,0,0,0,0,0,0,0,0,0,0,0,0,0,0,0
 # 宮田町３丁目,ミヤタチョウ3,女,229,1,1,1,2,1,0,1,2,2,2,2,3,2,2,2,1,1,2,3,5,3,3,4,0,4,1,3,3,1,2,2,2,1,2,2,4,2,1,6,0,3,3,3,5,2,2,1,8,2,4,3,4,4,4,5,3,1,5,2,7,1,1,6,3,6,1,2,6,6,3,3,3,3,5,6,3,4,0,1,1,0,1,1,1,0,3,0,1,0,0,2,1,1,1,0,0,0,0,0,0,0
明神台,ミョウジンダイ,男,390,0,0,1,2,0,2,0,3,3,0,0,3,1,1,1,4,4,4,2,2,3,6,8,4,3,5,7,4,1,0,9,3,3,1,5,7,7,2,4,4,7,2,1,4,8,6,7,6,3,10,12,11,5,10,3,6,4,5,4,6,5,4,6,7,10,6,7,6,11,13,10,9,8,3,7,6,8,6,3,3,2,2,1,1,1,2,1,1,0,0,0,0,1,0,1,0,0,0,0,0,0
明神台,ミョウジンダイ,女,457,0,1,1,0,1,1,1,1,1,1,0,1,4,4,1,2,3,3,1,3,5,6,1,5,3,3,3,5,4,3,4,6,4,4,2,1,0,4,4,2,4,2,4,6,3,4,8,6,7,6,9,2,10,7,8,6,12,8,9,7,9,8,6,7,15,14,14,14,10,20,11,8,14,7,12,6,5,8,7,3,5,4,4,3,4,2,1,0,3,1,1,1,2,1,0,0,0,0,0,0,0
西久保町,ニシクボチョウ,男,2557,17,14,18,20,19,21,21,16,23,18,25,19,28,32,21,20,18,21,25,20,27,32,40,31,52,68,66,65,63,73,67,55,47,58,35,58,41,41,49,29,33,35,36,31,34,41,37,37,37,43,47,53,55,42,31,31,38,32,33,24,32,25,25,25,22,25,26,18,24,24,14,14,18,10,11,13,10,10,11,5,5,3,3,6,3,7,0,2,1,1,0,0,0,0,0,0,0,0,1,0,0
西久保町,ニシクボチョウ,女,2428,20,24,26,18,14,15,14,13,14,21,15,14,23,19,22,35,26,26,23,22,36,22,30,28,27,32,47,45,48,59,53,44,45,42,29,40,45,45,42,26,28,38,40,39,42,35,37,37,32,36,49,44,38,53,25,35,33,28,31,34,34,28,32,23,21,23,21,22,23,21,31,14,17,23,22,13,8,17,15,12,6,6,8,11,8,9,6,5,4,8,5,1,2,2,1,1,1,0,0,0,1
西谷町,ニシヤマチ,男,3620,47,34,33,45,31,42,28,36,46,42,30,33,37,34,33,33,36,38,32,34,61,51,59,45,63,60,61,67,63,70,77,76,54,66,47,65,79,68,64,57,64,54,62,62,58,49,54,52,53,50,55,60,59,51,35,34,46,39,43,34,37,29,41,32,40,33,31,40,37,29,20,18,27,25,27,23,19,19,11,15,17,9,9,10,4,5,3,1,2,5,2,2,2,2,0,1,1,0,0,0,1
西谷町,ニシヤマチ,女,3410,34,38,32,36,43,32,33,25,35,21,26,25,28,28,29,23,29,32,22,30,43,37,52,34,57,66,47,61,79,63,62,62,69,57,56,59,69,48,64,51,49,46,44,45,42,41,40,43,47,32,47,60,47,62,30,39,48,46,37,31,53,39,41,44,45,33,37,26,32,42,38,36,30,31,27,37,28,18,21,19,26,10,13,11,11,9,8,6,5,6,4,2,3,0,1,2,1,0,2,0,0
岡沢町,オカザワチョウ,男,1515,9,10,12,12,13,9,11,9,11,12,8,5,12,9,12,12,9,9,19,23,40,46,35,26,30,37,30,35,36,33,35,29,33,33,22,37,18,19,16,20,12,18,16,16,20,10,17,15,20,14,22,19,34,31,11,14,27,19,15,24,10,16,14,15,24,20,12,24,16,24,16,14,17,12,14,10,8,6,2,4,3,3,3,3,5,2,3,0,1,1,1,0,1,1,0,0,0,0,0,0,0
岡沢町,オカザワチョウ,女,1500,9,11,7,10,12,8,8,11,6,4,10,11,11,16,10,10,19,10,18,17,22,17,38,44,40,40,37,31,37,28,32,32,28,25,17,19,22,23,9,13,17,16,21,10,13,9,16,9,18,20,24,22,24,21,10,18,15,19,16,24,19,22,16,26,26,26,18,23,16,18,20,17,16,9,7,13,8,8,13,13,10,2,6,5,6,1,6,4,2,2,1,2,1,1,1,0,2,0,0,0,0
境木町,サカイギチョウ,男,365,1,2,3,1,6,0,4,1,3,1,0,5,2,4,3,2,4,4,5,4,4,4,7,4,5,3,7,7,5,5,6,5,2,4,3,2,3,3,2,3,2,7,3,3,4,2,4,8,5,5,6,5,6,2,5,3,9,4,8,9,8,9,10,8,14,8,12,5,7,7,9,1,7,3,2,1,1,1,2,3,0,1,1,1,2,0,0,0,1,0,1,0,1,0,0,0,0,0,0,0,0
境木町,サカイギチョウ,女,365,2,3,1,5,0,1,1,0,3,3,1,2,4,2,2,4,2,2,5,3,1,5,6,3,7,4,3,5,5,6,1,8,7,2,5,6,3,2,5,2,3,3,3,3,7,4,2,4,5,5,6,6,2,6,9,10,8,13,6,8,9,9,11,7,11,6,5,5,3,8,3,3,8,3,2,0,5,3,4,4,1,0,1,0,2,2,0,0,2,2,0,0,0,0,0,0,0,0,0,0,1
境木本町,サカイギホンチョウ,男,1819,13,19,15,19,16,21,15,18,13,14,16,9,22,20,21,16,23,26,16,24,24,21,25,25,27,28,26,31,27,37,17,35,32,23,26,22,23,25,20,23,21,24,26,16,26,21,22,28,29,24,24,38,43,32,27,25,29,35,28,35,27,18,31,32,29,26,25,26,23,21,16,11,16,8,9,5,16,6,8,7,5,4,8,2,3,2,5,3,0,0,0,0,0,0,0,1,0,0,0,0,0
境木本町,サカイギホンチョウ,女,1836,16,16,9,21,18,22,12,22,21,17,20,14,20,17,17,17,23,21,15,17,16,22,19,28,13,25,29,28,31,31,31,32,32,21,30,24,30,16,24,26,22,20,26,17,36,19,26,20,23,26,36,40,32,39,24,30,29,38,33,38,26,20,35,27,25,24,14,17,25,22,18,13,15,10,13,10,7,10,8,6,4,7,6,6,3,2,3,5,4,3,4,2,1,2,1,0,0,0,1,0,0
坂本町,サカモトチョウ,男,1069,11,8,23,9,10,6,7,17,12,7,11,11,9,9,7,10,11,10,12,13,16,19,26,25,20,15,17,21,19,17,16,22,16,19,18,18,17,16,15,22,17,23,12,15,12,19,13,12,14,9,13,24,9,14,17,12,13,17,15,14,13,10,8,7,15,13,9,16,15,6,8,6,11,9,8,3,6,4,5,2,3,1,1,1,1,2,2,1,0,0,0,1,1,0,0,0,0,0,0,0,0
坂本町,サカモトチョウ,女,1019,10,8,12,11,15,18,15,5,9,10,10,5,14,10,3,9,9,2,7,8,12,13,16,18,11,21,12,22,20,14,25,19,23,15,18,18,18,11,16,20,15,11,9,16,8,9,3,13,19,9,19,10,24,17,6,15,20,10,11,19,14,4,14,10,9,16,12,10,14,12,7,12,7,3,13,5,5,9,4,6,7,8,1,9,0,1,2,3,1,1,0,4,1,0,0,0,0,0,0,0,0
桜ケ丘一丁目,サクラガオカ1,男,1296,9,9,9,9,9,7,11,9,14,6,4,10,12,10,6,6,13,8,18,15,18,25,26,21,18,22,18,27,22,38,27,19,17,17,13,22,24,24,25,17,14,19,20,16,14,13,17,12,25,21,22,15,15,24,18,14,17,24,22,6,17,25,17,14,17,15,15,18,13,12,10,14,8,24,12,12,9,6,13,3,6,3,5,5,4,0,3,2,2,1,1,3,1,1,1,0,1,0,0,0,1
桜ケ丘一丁目,サクラガオカ1,女,1357,7,15,7,7,13,11,8,9,9,14,8,10,10,10,14,14,5,10,19,18,22,16,17,22,23,21,23,16,23,19,26,18,12,23,17,15,19,23,24,16,13,13,8,19,10,12,17,23,10,20,23,21,25,28,16,23,18,17,31,24,11,20,18,15,17,13,17,15,20,24,16,11,19,14,15,15,11,10,16,10,9,2,5,10,7,3,2,5,4,4,5,4,1,1,2,1,1,0,0,0,0
桜ケ丘二丁目,サクラガオカ2,男,1463,7,8,8,12,15,9,10,8,16,7,15,17,13,13,15,16,16,14,15,33,28,32,33,24,24,36,30,23,26,33,25,23,35,36,21,21,35,16,25,26,25,22,11,20,22,25,18,15,20,18,17,28,32,19,16,10,20,13,16,19,17,7,9,17,12,12,15,14,8,14,8,19,9,12,9,14,14,6,8,6,1,4,4,3,7,3,1,0,2,1,0,0,1,0,0,0,0,1,0,0,0
桜ケ丘二丁目,サクラガオカ2,女,1288,8,7,8,6,8,17,7,6,12,16,13,13,12,8,12,13,10,24,17,21,19,9,14,14,13,16,14,19,29,24,13,19,21,28,17,24,14,16,26,23,22,12,11,20,13,18,15,21,18,17,23,22,25,23,14,12,20,14,19,12,17,12,14,9,6,21,13,17,10,22,18,15,16,9,10,14,12,12,13,6,6,5,3,2,7,6,9,6,4,3,4,1,2,0,0,0,1,2,0,0,0
新桜ケ丘一丁目,シンサクラガオカ1,男,2045,14,18,21,10,19,19,18,9,21,20,17,13,19,19,15,25,22,26,27,39,21,25,37,45,40,40,42,31,43,36,29,36,33,29,22,30,20,19,14,26,23,16,21,19,21,25,18,23,31,48,35,48,45,54,30,25,34,27,44,46,38,39,37,33,24,36,27,17,19,18,19,8,11,11,11,8,7,6,4,7,4,5,2,2,3,1,1,2,0,1,0,1,0,1,0,0,0,0,0,0,0
新桜ケ丘一丁目,シンサクラガオカ1,女,1946,5,14,8,17,18,12,16,23,10,4,13,28,18,10,19,21,20,20,29,19,23,24,30,26,32,38,32,37,28,22,39,35,23,30,17,25,16,23,20,24,13,23,19,26,22,20,27,22,31,38,46,48,57,42,30,25,35,42,58,44,35,27,31,18,25,28,24,20,12,18,14,16,12,11,6,10,8,11,14,10,3,6,6,6,3,10,7,6,2,4,2,0,0,0,1,2,0,0,0,1,1
新桜ケ丘二丁目,シンサクラガオカ2,男,1784,13,21,9,22,21,15,23,25,28,15,25,26,22,28,22,15,18,20,25,20,22,31,34,27,24,33,36,51,24,25,17,26,28,31,25,24,27,26,24,18,23,18,20,17,23,25,17,25,17,25,31,30,39,30,15,26,40,43,44,35,27,22,31,31,15,18,19,12,10,9,12,14,6,14,7,5,2,2,3,2,5,0,1,1,3,1,1,0,1,0,0,0,0,1,0,0,0,0,0,0,0
新桜ケ丘二丁目,シンサクラガオカ2,女,1765,15,11,14,19,14,15,21,15,18,10,11,15,16,17,14,17,26,18,22,13,28,27,30,39,42,19,40,40,28,29,28,26,33,36,17,21,23,27,21,16,28,23,16,13,23,15,23,24,28,27,39,42,42,43,29,33,45,49,34,29,33,23,10,18,16,15,18,15,7,8,8,6,13,7,6,4,7,3,3,5,3,2,6,5,3,2,3,5,4,1,2,2,2,1,1,0,0,0,0,2,0
瀬戸ケ谷町,セトガヤチョウ,男,3212,34,46,41,32,35,34,43,32,25,34,29,24,23,30,18,33,17,33,23,22,46,51,47,37,61,74,59,58,68,71,64,59,70,67,70,69,67,69,54,65,51,47,52,43,45,40,35,28,45,41,60,48,50,49,29,30,46,50,48,47,42,33,32,33,22,30,30,25,21,27,17,20,24,21,20,15,9,10,9,10,9,4,5,2,2,2,3,3,3,0,1,2,2,2,2,1,0,0,0,0,1
瀬戸ケ谷町,セトガヤチョウ,女,3138,34,41,38,49,32,26,41,25,30,36,22,27,24,26,22,32,31,28,29,26,26,41,36,43,36,54,60,62,67,55,78,81,61,58,43,58,57,54,50,39,53,41,33,39,37,37,35,43,38,44,50,59,55,55,23,38,47,56,49,48,38,22,34,35,36,33,27,29,27,30,20,25,20,19,15,16,10,14,13,22,18,8,9,8,10,3,7,6,6,7,5,3,1,2,2,0,0,0,0,0,0
天王町,テンノウチョウ,男,2657,26,33,35,27,19,21,24,17,23,16,27,19,24,26,21,18,18,23,26,26,30,24,33,40,44,42,53,58,57,35,49,51,46,64,44,62,62,42,44,36,41,34,35,38,43,38,33,42,38,41,52,61,68,61,31,35,38,35,44,38,32,18,37,32,33,26,24,15,18,17,12,14,10,22,15,18,14,7,19,6,4,6,6,5,3,4,1,4,0,1,0,1,0,0,0,0,0,0,0,1,1
天王町,テンノウチョウ,女,2733,28,20,26,14,27,22,17,21,16,20,19,26,25,21,21,29,25,18,16,24,28,40,30,43,40,41,51,55,53,57,49,60,55,58,40,52,48,38,50,45,36,38,44,25,35,44,38,29,41,49,54,46,56,48,26,42,37,44,49,26,26,34,29,32,30,22,30,27,29,28,26,19,24,23,24,12,17,21,23,8,13,6,5,7,6,5,10,6,4,3,1,1,3,1,0,0,0,2,1,0,0
 # 天王町１丁目,テンノウチョウ1,男,1214,13,13,15,10,9,13,11,10,9,9,11,12,13,15,9,8,10,11,9,10,18,19,15,28,20,26,21,35,27,20,20,21,13,30,18,33,29,16,22,15,13,17,19,19,20,15,14,13,15,20,20,29,25,20,8,8,20,14,18,17,12,8,15,16,16,11,6,8,12,7,4,6,8,11,7,9,6,4,11,5,1,4,3,4,2,2,0,3,0,1,0,0,0,0,0,0,0,0,0,1,1
 # 天王町１丁目,テンノウチョウ1,女,1192,11,6,15,3,10,8,9,9,8,9,7,18,14,9,9,7,8,8,4,9,11,16,14,22,18,25,26,28,26,27,25,23,23,23,18,20,27,18,27,20,18,17,20,11,16,20,13,12,14,16,19,18,22,18,9,12,16,15,17,9,13,9,10,15,10,7,17,9,15,12,14,8,14,14,16,3,8,12,10,4,6,2,2,5,2,5,5,4,2,2,1,0,3,0,0,0,0,2,1,0,0
 # 天王町２丁目,テンノウチョウ2,男,1443,13,20,20,17,10,8,13,7,14,7,16,7,11,11,12,10,8,12,17,16,12,5,18,12,24,16,32,23,30,15,29,30,33,34,26,29,33,26,22,21,28,17,16,19,23,23,19,29,23,21,32,32,43,41,23,27,18,21,26,21,20,10,22,16,17,15,18,7,6,10,8,8,2,11,8,9,8,3,8,1,3,2,3,1,1,2,1,1,0,0,0,1,0,0,0,0,0,0,0,0,0
 # 天王町２丁目,テンノウチョウ2,女,1541,17,14,11,11,17,14,8,12,8,11,12,8,11,12,12,22,17,10,12,15,17,24,16,21,22,16,25,27,27,30,24,37,32,35,22,32,21,20,23,25,18,21,24,14,19,24,25,17,27,33,35,28,34,30,17,30,21,29,32,17,13,25,19,17,20,15,13,18,14,16,12,11,10,9,8,9,9,9,13,4,7,4,3,2,4,0,5,2,2,1,0,1,0,1,0,0,0,0,0,0,0
常盤台,トキワダイ,男,3062,31,39,36,35,47,33,47,37,33,28,29,29,32,20,24,15,19,37,35,64,104,106,94,109,54,41,41,41,33,32,46,44,55,71,48,52,64,53,53,40,65,50,42,40,38,37,30,30,40,42,35,40,34,33,24,17,27,32,27,28,17,35,16,30,24,30,24,20,24,28,20,21,30,18,26,16,19,13,8,8,10,8,5,14,6,7,6,1,4,6,0,1,1,2,1,0,0,1,0,0,0
常盤台,トキワダイ,女,2674,25,26,38,28,30,38,42,40,33,32,20,20,17,20,19,26,26,28,29,38,39,42,47,32,33,31,25,46,40,36,45,42,55,55,42,49,70,56,51,45,49,34,33,35,29,38,23,25,25,19,28,41,46,42,22,17,37,24,17,27,23,24,29,25,30,29,29,27,19,22,24,23,30,17,20,22,18,15,17,8,13,10,16,14,12,20,15,8,13,9,10,3,2,5,1,1,2,0,2,0,0
月見台,ツキミダイ,男,1284,14,7,10,9,9,9,10,12,9,11,11,6,14,10,20,18,18,22,15,16,17,15,16,19,16,24,19,28,19,15,23,18,26,21,10,15,23,19,19,25,20,17,21,13,22,18,11,18,20,22,32,33,26,21,10,9,21,18,15,12,13,20,15,15,10,11,12,17,12,8,16,7,18,10,11,11,8,9,7,5,5,3,2,5,3,3,1,1,2,3,1,2,0,1,1,0,0,0,0,0,0
月見台,ツキミダイ,女,1409,10,12,10,12,9,10,17,11,11,11,12,15,12,8,14,7,18,14,6,9,18,21,20,16,22,17,21,14,14,25,17,25,26,24,18,25,14,19,21,22,23,22,16,20,21,15,14,17,29,23,21,24,15,28,18,23,16,26,16,18,18,12,17,11,16,14,16,19,17,20,10,17,19,14,16,14,8,6,9,9,10,5,8,12,13,7,8,6,9,0,2,3,3,2,4,1,0,1,0,1,0
和田一丁目,ワダ1,男,974,12,6,5,6,7,5,4,6,10,9,5,9,5,10,10,7,5,2,11,13,26,29,37,22,25,14,17,18,21,17,13,13,23,21,12,13,17,13,15,9,13,14,21,10,14,10,14,14,13,14,18,14,9,19,12,8,20,12,14,6,13,10,11,10,11,12,8,11,12,9,6,13,9,7,5,10,6,4,1,1,3,3,2,1,0,1,1,0,1,0,0,0,2,0,0,0,0,0,0,0,0
和田一丁目,ワダ1,女,973,6,7,5,6,7,12,4,7,6,6,8,6,8,5,5,13,7,7,13,20,31,12,14,12,20,22,16,21,24,15,17,13,16,19,7,13,11,16,14,19,11,9,10,8,8,7,7,10,8,16,14,13,14,14,7,10,10,13,20,19,16,12,7,10,12,17,12,9,11,19,9,20,8,10,6,13,7,7,5,1,6,10,5,1,8,3,2,2,1,2,0,0,4,0,0,0,0,0,0,0,0
和田二丁目,ワダ2,男,1114,4,11,13,12,11,11,13,10,13,12,10,14,7,7,8,9,2,4,14,15,20,32,33,29,30,25,17,19,12,14,22,10,16,20,18,21,24,21,14,20,23,17,21,16,12,17,11,13,23,7,13,19,15,20,14,6,9,10,9,8,10,14,7,11,10,15,9,12,10,13,9,11,7,11,8,14,9,4,7,5,6,3,1,4,3,0,0,0,1,0,0,0,0,0,0,0,0,0,0,0,0
和田二丁目,ワダ2,女,1074,0,9,17,11,13,13,12,10,16,9,9,9,7,12,6,4,10,9,8,16,20,17,10,12,17,15,20,19,10,15,15,14,18,18,10,25,24,20,30,18,13,15,9,15,7,11,9,12,13,11,5,22,13,17,13,6,12,8,11,13,15,15,20,10,14,7,10,15,13,13,19,19,10,9,17,12,7,15,6,8,6,3,7,1,2,3,2,3,2,0,3,1,1,2,1,0,0,0,1,0,0
#はうち数を表しています。なお、住民基本台帳において字にあたる丁が記載されていないものは表示していません。このため、町の人口とうち数の合計が一致しない場合があります。,,,,,,,,,,,,,,,,,,,,,,,,,,,,,,,,,,,,,,,,,,,,,,,,,,,,,,,,,,,,,,,,,,,,,,,,,,,,,,,,,,,,,,,,,,,,,,,,,,,,,,,,
