町名,フリガナ,性別,総数,0歳,1歳,2歳,3歳,4歳,5歳,6歳,7歳,8歳,9歳,10歳,11歳,12歳,13歳,14歳,15歳,16歳,17歳,18歳,19歳,20歳,21歳,22歳,23歳,24歳,25歳,26歳,27歳,28歳,29歳,30歳,31歳,32歳,33歳,34歳,35歳,36歳,37歳,38歳,39歳,40歳,41歳,42歳,43歳,44歳,45歳,46歳,47歳,48歳,49歳,50歳,51歳,52歳,53歳,54歳,55歳,56歳,57歳,58歳,59歳,60歳,61歳,62歳,63歳,64歳,65歳,66歳,67歳,68歳,69歳,70歳,71歳,72歳,73歳,74歳,75歳,76歳,77歳,78歳,79歳,80歳,81歳,82歳,83歳,84歳,85歳,86歳,87歳,88歳,89歳,90歳,91歳,92歳,93歳,94歳,95歳,96歳,97歳,98歳,99歳,100歳,101歳,102歳,103歳,104歳,105歳,106歳,107歳,108歳,109歳,110歳,111歳,112歳,113歳,114歳,115歳,116歳,117歳,118歳,119歳,120歳以上
港北区合計,コウホクク_ゴウケイ,男,175265,1479,1543,1543,1617,1609,1567,1617,1564,1454,1484,1536,1472,1303,1435,1453,1363,1314,1398,1405,1562,1702,1809,1992,2236,2424,2453,2581,2616,2566,2620,2558,2545,2379,2470,2574,2526,2713,2748,2687,2734,2632,2769,2740,2848,2881,3012,2991,3132,3108,3040,3115,3055,3099,3048,3017,2339,2787,2461,2340,2180,1998,1948,1849,1727,1570,1587,1594,1490,1533,1543,1635,1731,1900,1931,1720,1084,1118,1274,1253,1163,1085,1016,802,764,716,721,611,503,446,402,317,257,190,161,134,97,65,35,19,12,8,3,4,3,1,0,0,0,0,0,0,0,0,0,0,0,0,0,0,0,0
港北区合計,コウホクク_ゴウケイ,女,176942,1440,1462,1433,1430,1418,1528,1475,1497,1452,1449,1389,1310,1444,1371,1303,1325,1321,1317,1413,1512,1539,1781,1990,2320,2361,2443,2440,2517,2517,2524,2447,2488,2497,2399,2430,2407,2578,2562,2507,2534,2503,2561,2682,2671,2687,2863,2814,3044,2975,2987,3063,2960,2938,2801,2770,2137,2499,2287,2135,1975,1930,1854,1728,1705,1520,1606,1570,1536,1549,1717,1713,1827,2071,2063,1977,1289,1367,1585,1612,1570,1492,1333,1109,1158,1104,1114,1002,929,816,722,690,591,501,438,291,255,225,161,94,89,42,26,15,19,3,2,5,1,2,0,2,0,0,0,0,0,0,0,0,0,0
富士塚一丁目,フジヅカ1,男,993,7,3,10,5,5,8,9,4,3,8,10,11,5,6,11,5,12,9,11,8,13,8,13,20,11,18,22,12,11,10,10,11,10,9,7,12,20,20,13,15,12,13,14,11,13,7,14,19,14,10,19,21,15,14,19,11,7,12,18,19,20,15,16,21,12,13,14,8,9,8,12,14,8,13,13,10,7,12,4,5,6,8,8,9,3,3,6,2,2,1,6,3,1,2,0,2,0,0,0,0,0,0,0,0,0,0,0,0,0,0,0,0,0,0,0,0,0,0,0,0,0
富士塚一丁目,フジヅカ1,女,1029,4,8,6,7,4,6,8,11,2,5,10,12,11,9,7,7,12,12,9,4,11,8,11,9,16,9,15,9,12,12,10,5,17,6,8,13,13,13,11,16,10,10,12,12,8,22,11,11,12,18,19,15,16,17,16,15,17,8,19,20,16,17,14,19,14,17,10,5,9,13,14,7,16,16,14,11,10,7,10,8,11,5,7,12,10,7,10,10,6,7,7,3,6,3,3,1,1,3,1,1,1,0,0,0,0,0,1,0,0,0,0,0,0,0,0,0,0,0,0,0,0
富士塚二丁目,フジヅカ2,男,1467,11,10,14,12,15,13,8,15,14,10,15,13,11,5,7,14,12,10,11,16,16,22,22,17,23,21,21,20,20,25,16,22,19,18,21,16,25,21,14,21,18,14,16,16,22,19,18,26,16,23,22,17,15,27,23,33,34,13,38,23,25,21,19,19,14,11,15,11,24,12,17,15,26,24,19,7,10,9,5,9,11,9,5,6,9,8,4,4,7,4,4,4,2,2,3,3,0,0,0,1,0,0,0,0,0,0,0,0,0,0,0,0,0,0,0,0,0,0,0,0,0
富士塚二丁目,フジヅカ2,女,1525,17,9,10,16,5,9,12,17,7,13,8,14,10,12,12,9,13,10,12,14,11,21,21,17,22,19,19,24,24,24,19,15,16,15,13,18,24,17,21,22,14,21,22,19,19,17,20,18,18,25,14,20,17,34,31,34,20,34,21,21,19,16,16,22,16,13,25,24,13,25,17,12,22,33,13,7,8,11,6,13,5,13,11,15,6,16,5,5,8,6,4,9,8,10,5,6,4,2,0,5,1,0,0,0,0,0,0,0,0,0,0,0,0,0,0,0,0,0,0,0,0
日吉一丁目,ヒヨシ1,男,1117,7,3,3,8,11,2,8,5,8,12,8,13,9,14,7,6,4,12,10,10,15,18,16,15,10,20,23,20,18,17,16,19,22,8,8,18,21,18,10,14,21,9,13,13,14,21,18,12,20,19,16,18,16,11,18,19,18,13,10,11,10,13,17,17,9,16,21,8,7,15,13,14,14,9,12,10,7,9,9,15,7,10,6,7,4,6,6,6,7,4,1,1,1,1,4,1,1,1,1,0,1,0,0,0,0,0,0,0,0,0,0,0,0,0,0,0,0,0,0,0,0
日吉一丁目,ヒヨシ1,女,1160,10,8,4,12,2,9,10,5,9,9,6,6,6,4,6,8,4,9,7,7,9,15,15,15,17,17,18,10,25,18,16,18,6,20,13,9,18,14,14,15,14,14,15,10,12,21,13,14,14,21,19,19,14,18,22,13,16,14,20,17,12,14,16,13,7,15,16,13,18,15,13,12,15,11,12,15,13,14,16,12,8,6,14,9,8,7,11,10,6,5,9,9,6,5,3,1,5,1,1,1,0,0,0,0,0,0,0,0,0,0,0,0,0,0,0,0,0,0,0,0,0
日吉二丁目,ヒヨシ2,男,1570,15,14,21,8,13,12,16,11,7,13,9,6,5,9,12,5,8,12,7,10,17,20,22,27,31,22,29,35,21,30,34,26,35,30,26,29,26,43,24,27,20,24,17,16,34,30,29,25,26,24,14,23,28,25,28,16,18,16,20,24,11,15,16,11,14,16,18,17,15,11,13,14,17,16,15,13,6,14,11,7,12,6,6,7,10,6,7,4,2,6,0,6,0,2,0,0,1,0,1,0,0,0,0,0,0,0,0,0,0,0,0,0,0,0,0,0,0,0,0,0,0
日吉二丁目,ヒヨシ2,女,1631,18,13,9,14,9,15,11,5,10,9,8,9,11,8,11,4,9,9,4,14,13,20,20,30,31,36,34,34,27,29,22,24,33,26,24,35,42,25,26,19,22,25,25,23,21,19,21,26,29,18,17,21,21,28,26,17,21,13,19,24,17,14,16,13,12,13,9,11,27,16,15,12,24,23,23,11,10,14,10,13,21,14,8,9,10,11,4,10,7,9,7,5,9,4,3,2,3,0,1,3,0,1,1,0,0,0,0,0,0,0,0,0,0,0,0,0,0,0,0,0,0
日吉三丁目,ヒヨシ3,男,1314,6,11,10,2,8,7,7,5,9,3,5,7,7,4,2,4,5,9,18,19,18,25,39,39,37,35,50,32,44,34,33,32,36,28,17,26,16,23,21,25,18,21,16,26,13,30,24,9,22,16,20,17,18,17,16,14,15,14,12,12,11,7,14,13,8,5,11,4,10,9,4,6,13,10,7,5,4,9,8,5,5,9,3,3,3,5,5,0,2,3,2,1,1,1,0,0,0,0,0,0,0,0,0,0,0,0,0,0,0,0,0,0,0,0,0,0,0,0,0,0,0
日吉三丁目,ヒヨシ3,女,1133,6,6,10,13,11,6,5,5,8,6,5,2,4,3,10,2,8,5,6,15,13,12,27,29,29,32,26,30,20,21,27,21,17,23,19,18,23,17,14,13,11,9,14,19,19,19,14,14,17,18,20,16,12,22,17,9,11,16,10,14,8,8,9,10,9,8,5,8,8,8,11,7,10,11,8,8,5,9,10,9,12,16,2,7,5,7,5,9,7,6,4,6,5,2,0,0,1,1,0,1,0,0,0,0,0,0,0,0,0,0,0,0,0,0,0,0,0,0,0,0,0
日吉四丁目,ヒヨシ4,男,985,8,7,6,7,5,7,5,3,1,5,7,3,5,2,2,1,2,6,8,10,20,23,22,21,29,27,22,21,23,37,22,28,15,17,28,17,18,24,19,11,20,16,12,16,17,12,11,9,17,16,12,16,17,14,9,10,10,11,13,8,7,8,17,9,6,6,6,4,5,5,16,4,5,6,2,4,8,11,4,4,0,7,5,4,3,2,2,1,2,3,2,3,1,1,1,0,0,1,0,0,0,0,0,0,0,0,0,0,0,0,0,0,0,0,0,0,0,0,0,0,0
日吉四丁目,ヒヨシ4,女,928,7,4,7,3,8,5,2,11,8,5,2,8,6,7,5,3,3,6,0,8,8,8,19,23,33,20,22,20,22,15,15,27,25,14,21,13,9,16,14,10,16,8,15,19,7,10,9,15,15,13,9,18,11,13,12,8,8,11,18,7,10,14,7,10,3,3,11,8,4,4,4,8,6,7,9,4,6,9,8,10,9,5,7,9,9,2,1,9,3,7,3,1,5,4,1,1,0,1,0,1,0,0,0,1,0,0,0,0,0,0,0,0,0,0,0,0,0,0,0,0,0
日吉五丁目,ヒヨシ5,男,2314,19,27,24,14,21,22,18,21,13,10,8,12,13,7,16,14,9,16,14,19,32,35,40,49,52,50,48,43,52,48,54,39,35,42,52,43,57,42,25,39,31,24,32,30,25,40,27,39,42,34,37,38,36,33,34,33,39,41,34,41,26,30,27,16,19,15,19,21,24,15,24,18,19,18,19,8,7,14,9,8,16,6,8,4,7,6,7,7,4,1,1,1,1,3,1,1,0,0,0,0,0,0,0,0,0,0,0,0,0,0,0,0,0,0,0,0,0,0,0,0,0
日吉五丁目,ヒヨシ5,女,2213,22,18,17,21,19,11,15,9,15,14,13,15,9,13,17,12,20,10,23,19,23,25,27,49,38,47,47,43,46,39,51,44,56,34,36,46,45,31,25,27,26,24,36,29,24,34,37,32,27,28,33,39,30,36,35,22,43,31,28,30,27,30,23,32,19,21,20,15,16,14,25,22,12,19,18,13,6,9,13,15,18,9,14,10,15,6,5,7,9,2,5,7,5,4,3,4,0,4,2,0,0,0,0,0,0,0,0,0,0,0,0,0,0,0,0,0,0,0,0,0,0
日吉六丁目,ヒヨシ6,男,1536,17,14,12,22,19,12,11,15,19,11,13,15,20,14,21,11,14,12,17,16,13,17,17,15,18,25,25,20,30,34,19,22,17,31,26,19,29,21,26,29,28,27,24,27,28,33,38,20,22,29,18,28,26,27,30,24,20,21,13,16,17,15,15,12,9,7,12,9,16,17,15,10,11,17,8,6,7,10,11,11,5,10,8,2,4,3,2,1,5,1,2,1,0,0,0,0,0,0,0,0,0,0,0,0,0,0,0,0,0,0,0,0,0,0,0,0,0,0,0,0,0
日吉六丁目,ヒヨシ6,女,1448,14,10,12,16,13,20,14,14,13,14,17,7,13,16,10,10,11,14,11,13,16,9,21,22,17,22,20,26,26,24,23,16,29,34,27,24,29,25,29,22,18,22,28,21,21,34,22,22,22,22,22,26,17,18,18,25,26,17,18,12,11,8,17,15,8,12,13,9,12,7,8,11,13,11,14,9,8,9,14,5,10,7,10,6,9,7,5,7,8,2,4,1,1,3,0,0,0,0,0,0,0,0,0,0,0,0,0,0,0,0,0,0,0,0,0,0,0,0,0,0,0
日吉七丁目,ヒヨシ7,男,2379,19,19,19,30,26,25,26,24,25,21,23,22,19,18,18,12,15,19,16,14,25,30,21,28,32,24,33,41,42,36,33,33,35,43,44,39,39,33,37,38,41,40,42,44,51,45,38,44,43,47,43,41,40,50,41,35,23,35,37,30,25,31,26,20,24,22,14,17,25,20,15,11,16,17,21,11,13,22,16,17,11,9,12,10,3,10,9,10,5,3,2,1,2,0,0,2,1,0,0,0,0,0,0,0,0,0,0,0,0,0,0,0,0,0,0,0,0,0,0,0,0
日吉七丁目,ヒヨシ7,女,2317,16,26,27,22,10,23,27,24,20,19,18,18,14,26,21,16,18,20,16,16,17,19,26,35,28,34,27,46,33,30,30,33,33,31,35,24,36,35,41,33,26,52,38,39,39,50,42,43,30,41,39,47,34,39,28,20,29,24,23,23,18,27,26,13,18,15,25,27,17,23,19,26,19,23,28,20,10,18,27,25,16,15,15,13,15,21,14,8,8,10,6,6,8,3,1,2,3,0,0,0,0,0,0,0,0,0,0,0,0,0,0,0,0,0,0,0,0,0,0,0,0
日吉本町一丁目,ヒヨシホンチョウ1,男,1509,7,8,4,6,9,6,10,6,6,16,14,7,5,10,4,8,5,9,11,22,14,26,27,29,27,46,31,25,37,31,26,23,27,27,23,19,22,23,15,28,22,27,27,12,22,23,18,27,28,16,32,28,30,12,21,19,25,19,18,21,21,17,8,22,12,11,17,17,9,10,14,18,10,21,23,6,6,10,13,5,14,9,7,7,9,7,8,5,6,5,3,3,1,3,3,0,2,0,0,0,1,0,0,0,0,0,0,0,0,0,0,0,0,0,0,0,0,0,0,0,0
日吉本町一丁目,ヒヨシホンチョウ1,女,1710,18,7,7,9,15,8,15,10,4,11,13,7,7,12,5,7,6,7,3,23,20,27,25,35,34,37,29,28,41,35,34,37,21,27,22,25,23,22,24,25,21,26,24,19,18,22,13,23,29,35,27,28,26,26,21,19,23,15,20,15,24,15,21,16,9,14,9,12,15,16,18,23,25,24,23,9,13,14,23,21,14,16,15,16,8,16,2,8,9,5,7,9,8,2,4,6,3,2,0,0,0,0,0,0,0,0,0,0,1,0,0,0,0,0,0,0,0,0,0,0,0
日吉本町二丁目,ヒヨシホンチョウ2,男,2615,21,18,21,21,19,14,20,21,12,29,17,23,16,16,16,12,18,17,15,25,41,42,31,31,59,43,50,65,52,37,41,42,41,42,39,54,50,39,46,49,40,32,30,37,47,33,32,51,40,40,30,40,35,37,50,38,43,37,39,25,25,22,30,26,22,20,15,27,18,28,30,28,30,28,26,18,18,25,23,17,10,15,11,12,10,18,8,8,4,5,3,4,3,1,2,2,1,0,0,0,0,0,0,0,1,0,0,0,0,0,0,0,0,0,0,0,0,0,0,0,0
日吉本町二丁目,ヒヨシホンチョウ2,女,2658,20,23,23,19,14,23,18,15,16,29,15,15,25,16,24,21,17,11,14,17,17,24,38,44,40,39,53,55,48,50,46,51,47,44,38,46,48,34,39,27,33,32,50,32,30,26,47,32,34,42,62,38,50,26,37,31,43,29,29,39,33,35,33,30,23,15,25,24,24,26,30,19,25,27,30,14,18,24,19,22,23,18,23,19,14,22,11,21,16,12,5,2,5,7,2,7,2,2,2,3,0,1,0,0,0,0,0,0,0,0,0,0,0,0,0,0,0,0,0,0,0
日吉本町三丁目,ヒヨシホンチョウ3,男,2834,28,30,26,27,21,21,24,34,29,34,21,30,29,23,34,23,16,29,29,34,24,41,32,43,48,37,60,53,49,42,41,32,33,45,39,33,42,46,36,49,33,46,48,62,44,64,48,59,54,50,50,45,49,50,53,40,44,41,43,32,29,31,34,34,22,27,13,18,21,18,22,28,21,22,12,20,10,20,13,14,10,13,4,5,4,5,8,4,6,5,7,1,0,5,3,0,1,1,0,0,0,1,0,0,0,0,0,0,0,0,0,0,0,0,0,0,0,0,0,0,0
日吉本町三丁目,ヒヨシホンチョウ3,女,2647,18,20,17,19,19,27,21,25,23,14,21,26,17,23,26,30,24,24,15,22,15,28,30,28,44,27,32,37,40,44,26,40,29,35,37,39,42,34,34,46,52,44,47,49,54,51,49,51,46,61,58,40,60,52,47,37,48,37,30,33,27,19,24,29,22,14,21,23,21,28,25,22,31,24,24,10,15,20,19,13,20,11,12,15,6,13,10,8,8,6,14,8,5,5,2,3,2,3,1,0,0,0,0,0,0,0,0,0,0,0,0,0,0,0,0,0,0,0,0,0,0
日吉本町四丁目,ヒヨシホンチョウ4,男,3763,37,31,36,31,32,37,36,42,37,44,41,46,45,53,45,44,48,46,41,47,38,34,41,23,56,26,35,34,42,47,48,36,52,41,53,43,45,46,53,59,60,67,69,60,69,71,71,90,95,70,64,87,70,87,58,49,64,60,58,45,39,30,19,20,28,29,29,19,26,29,31,35,35,35,28,22,23,18,20,14,22,19,15,13,12,19,15,18,12,18,10,7,6,5,4,0,1,2,1,0,0,0,0,0,0,0,0,0,0,0,0,0,0,0,0,0,0,0,0,0,0
日吉本町四丁目,ヒヨシホンチョウ4,女,4009,45,44,37,37,30,29,27,22,39,59,30,42,39,39,50,43,42,37,44,31,28,38,31,42,41,38,31,41,54,44,54,56,57,49,46,37,48,51,56,63,46,46,53,73,94,91,87,88,86,80,84,81,76,67,60,35,49,53,35,35,32,28,32,32,36,36,31,25,34,39,28,36,45,41,27,21,25,37,36,30,35,35,17,39,38,34,27,29,18,11,24,10,11,11,8,4,6,2,4,3,0,0,2,0,0,0,0,0,0,0,0,0,0,0,0,0,0,0,0,0,0
日吉本町五丁目,ヒヨシホンチョウ5,男,1414,10,11,10,7,14,18,5,15,8,19,15,9,12,8,13,12,13,12,15,12,11,18,17,23,15,14,17,22,17,18,14,28,15,22,16,17,23,20,13,17,15,14,21,27,28,18,21,20,19,30,24,21,14,25,19,22,27,30,18,20,17,18,10,7,19,16,15,10,8,11,15,21,17,12,21,11,5,13,13,20,12,14,9,9,6,8,11,13,4,3,3,5,5,2,1,0,2,0,0,0,0,0,0,0,0,0,0,0,0,0,0,0,0,0,0,0,0,0,0,0,0
日吉本町五丁目,ヒヨシホンチョウ5,女,1425,7,6,10,8,7,7,13,6,9,5,11,11,15,12,14,10,9,11,9,15,11,14,10,25,19,15,20,15,24,22,17,16,12,16,14,25,10,16,19,27,18,24,23,18,24,19,18,19,15,16,13,21,29,27,26,25,18,27,22,30,16,10,17,7,12,11,13,12,12,16,12,28,16,18,27,10,17,13,18,18,21,15,13,6,15,11,12,5,13,6,10,3,1,3,2,7,2,2,0,1,0,0,0,0,0,0,0,0,0,0,0,0,0,0,0,0,0,0,0,0,0
日吉本町六丁目,ヒヨシホンチョウ6,男,1639,15,17,14,18,12,14,5,21,18,14,16,17,15,14,16,8,20,10,11,11,13,14,17,23,16,19,23,16,20,19,21,14,18,23,18,20,26,23,23,19,18,14,28,19,32,32,27,26,30,23,33,36,27,30,27,29,26,18,33,19,19,15,15,14,16,15,23,27,18,23,16,14,14,18,17,9,15,11,14,9,13,15,15,14,9,12,2,13,5,7,6,4,0,1,1,1,1,0,0,0,0,0,0,0,0,0,0,0,0,0,0,0,0,0,0,0,0,0,0,0,0
日吉本町六丁目,ヒヨシホンチョウ6,女,1693,6,16,12,11,9,17,13,10,13,10,16,19,14,26,18,22,16,15,17,15,17,15,17,17,22,21,19,18,20,22,16,21,18,18,20,18,24,18,18,27,19,18,22,20,36,18,23,32,37,31,26,29,26,30,26,20,24,20,29,15,23,23,16,15,12,12,11,13,22,19,20,18,18,15,25,20,18,17,18,20,23,12,18,16,13,9,8,9,7,5,10,3,5,5,4,1,4,1,0,0,1,0,0,1,0,0,0,1,0,0,0,0,0,0,0,0,0,0,0,0,0
菊名一丁目,キクナ1,男,375,4,4,1,0,2,5,0,0,2,1,1,2,1,2,3,3,2,1,1,3,2,3,2,9,8,7,10,10,12,2,6,7,9,8,6,7,7,2,7,3,3,4,5,4,5,7,2,6,4,6,3,7,5,8,9,5,8,5,9,3,6,7,4,4,4,3,2,4,3,3,6,6,4,5,8,3,1,5,5,3,2,3,3,1,0,0,1,3,0,1,1,0,0,1,0,0,0,0,0,0,0,0,0,0,0,0,0,0,0,0,0,0,0,0,0,0,0,0,0,0,0
菊名一丁目,キクナ1,女,438,2,2,3,1,2,6,3,0,2,0,1,0,1,2,1,0,2,5,3,3,2,3,4,12,6,9,11,11,8,5,8,10,9,6,5,6,4,7,5,4,4,10,8,2,8,6,3,5,4,4,5,7,10,8,8,8,10,10,5,3,1,9,5,5,3,4,4,5,5,6,6,3,5,11,4,5,5,8,6,4,2,4,3,2,0,2,2,3,4,1,0,1,3,0,1,0,0,1,0,2,1,0,0,0,0,0,0,0,0,0,0,0,0,0,0,0,0,0,0,0,0
菊名二丁目,キクナ2,男,1106,5,10,7,11,7,9,14,9,7,12,12,12,16,3,6,12,13,10,7,16,21,17,8,11,8,13,17,14,9,13,20,12,14,11,16,16,19,17,14,18,21,14,16,20,20,24,14,16,14,15,24,18,22,13,25,9,21,12,17,17,17,8,8,9,16,11,11,4,16,11,13,6,20,16,16,7,7,11,10,2,3,7,4,4,3,5,3,6,3,2,2,0,3,0,1,1,0,1,0,0,0,0,0,1,0,0,0,0,0,0,0,0,0,0,0,0,0,0,0,0,0
菊名二丁目,キクナ2,女,1160,11,10,6,4,7,11,6,14,9,12,7,10,20,10,6,10,8,6,5,4,10,16,7,17,7,13,17,13,13,14,18,10,18,17,10,9,26,15,19,21,11,19,14,20,17,23,18,18,16,23,28,25,14,15,14,11,13,15,13,18,20,12,11,11,15,11,14,12,9,16,6,12,19,11,10,13,12,13,16,9,9,7,5,9,7,8,7,1,5,8,5,4,7,2,1,2,5,1,0,1,0,1,0,1,0,0,1,0,0,0,0,0,0,0,0,0,0,0,0,0,0
菊名三丁目,キクナ3,男,1412,13,13,10,15,10,5,16,11,13,17,10,7,16,8,11,8,13,10,6,11,18,16,14,15,24,25,23,20,19,25,24,26,16,21,24,24,18,18,23,16,21,26,22,20,18,24,30,23,19,15,25,21,30,27,26,20,22,14,21,9,19,18,16,21,17,16,11,11,10,15,15,14,11,24,13,8,10,11,12,9,6,10,8,7,7,6,5,4,6,2,1,2,0,1,1,0,0,0,0,0,0,0,0,0,0,0,0,0,0,0,0,0,0,0,0,0,0,0,0,0,0
菊名三丁目,キクナ3,女,1466,13,7,14,14,17,9,11,13,12,13,15,8,14,10,10,4,5,8,13,8,17,26,21,19,24,15,23,22,23,21,17,24,22,16,23,18,20,30,23,11,20,23,21,25,21,28,20,23,24,17,23,30,35,24,23,22,20,12,20,26,17,19,17,20,14,12,11,8,13,22,17,20,19,14,13,10,12,15,10,5,3,10,9,11,5,7,9,4,7,2,2,3,3,1,7,0,1,3,0,0,0,1,0,0,0,0,0,0,0,0,0,0,0,0,0,0,0,0,0,0,0
菊名四丁目,キクナ4,男,855,5,3,7,3,0,8,7,4,13,14,7,4,10,6,8,10,6,4,9,5,5,3,10,12,28,22,15,20,22,25,18,19,13,14,16,10,10,7,15,15,20,11,11,20,16,9,14,28,16,7,16,15,16,10,14,9,7,8,5,7,8,8,8,8,11,5,9,4,11,5,5,4,9,9,8,5,4,6,5,4,5,2,2,3,4,2,2,2,2,1,1,0,0,0,1,0,0,1,0,0,0,0,0,0,0,0,0,0,0,0,0,0,0,0,0,0,0,0,0,0,0
菊名四丁目,キクナ4,女,848,2,6,4,6,5,11,6,6,6,12,11,6,13,7,5,2,4,3,4,5,9,8,10,9,14,11,18,21,16,14,18,11,19,14,19,7,11,15,11,9,17,21,19,11,15,14,15,15,15,14,15,13,7,12,16,8,5,5,13,5,7,9,6,6,7,1,5,3,5,10,6,6,11,7,12,8,8,5,4,8,6,8,11,2,8,3,7,5,8,2,2,3,1,1,3,0,0,1,0,0,0,0,0,0,0,0,0,0,0,0,0,0,0,0,0,0,0,0,0,0,0
菊名五丁目,キクナ5,男,1094,10,15,15,11,14,12,10,10,12,5,14,8,6,5,3,6,8,12,5,10,7,8,14,24,22,16,23,17,22,17,15,25,24,23,16,13,13,15,15,18,15,17,14,17,15,30,20,16,18,16,23,21,14,14,14,18,19,5,10,12,9,7,14,8,6,12,8,8,8,8,10,9,8,10,12,2,9,7,3,6,7,9,4,6,4,8,4,4,6,1,3,1,2,1,2,2,0,0,0,0,0,0,0,0,0,0,0,0,0,0,0,0,0,0,0,0,0,0,0,0,0
菊名五丁目,キクナ5,女,1164,11,9,11,10,7,9,14,4,5,13,7,11,11,4,19,8,8,8,2,7,6,13,18,20,19,13,25,30,18,19,20,20,11,16,16,19,17,13,18,19,15,14,13,13,18,22,18,17,18,26,20,27,18,14,13,17,15,8,12,9,12,12,8,9,5,13,8,5,4,9,9,8,19,11,16,7,14,8,14,9,10,6,8,9,10,8,8,7,7,5,6,5,3,1,1,3,2,3,1,3,2,1,0,0,0,0,0,0,0,0,0,0,0,0,0,0,0,0,0,0,0
菊名六丁目,キクナ6,男,1323,11,10,11,9,8,8,13,3,6,6,9,7,4,7,10,5,9,5,5,9,11,11,20,29,19,26,30,46,24,30,34,15,28,21,23,28,22,19,16,29,15,20,15,17,13,23,16,29,26,24,25,18,13,23,15,17,22,18,18,18,18,14,10,13,13,12,13,17,8,16,11,12,12,20,16,5,9,11,9,7,12,3,10,3,4,7,6,2,3,1,1,3,0,1,0,0,0,0,0,0,0,0,0,0,0,0,0,0,0,0,0,0,0,0,0,0,0,0,0,0,0
菊名六丁目,キクナ6,女,1392,8,7,11,5,9,5,5,9,11,6,4,6,10,5,4,6,9,7,12,5,11,13,15,20,33,18,34,33,33,22,28,23,27,19,15,21,22,24,19,22,22,24,14,15,19,23,22,20,28,21,17,22,24,23,21,17,15,18,22,17,17,23,15,12,14,14,13,11,8,14,13,8,15,19,16,7,9,11,13,16,8,16,8,15,5,13,8,9,5,7,5,5,5,2,3,3,3,0,1,2,1,0,0,0,0,0,0,0,0,0,0,0,0,0,0,0,0,0,0,0,0
菊名七丁目,キクナ7,男,791,10,4,8,7,6,5,5,5,8,5,8,8,3,6,4,3,6,5,5,5,8,4,10,15,13,26,12,14,15,18,14,10,13,16,18,18,6,16,8,16,15,14,17,17,14,9,21,10,8,16,8,12,13,16,10,7,15,8,9,5,6,13,13,9,8,5,12,7,3,8,3,4,6,6,7,7,3,4,1,2,5,2,1,3,4,6,0,3,2,0,3,1,0,2,0,1,1,0,0,0,0,0,0,0,0,0,0,0,0,0,0,0,0,0,0,0,0,0,0,0,0
菊名七丁目,キクナ7,女,742,0,7,10,3,4,6,7,4,4,4,6,9,4,4,3,3,4,2,2,5,5,6,11,14,18,13,17,24,13,21,12,17,10,21,11,9,12,9,11,8,11,18,14,9,8,8,15,11,9,10,12,8,6,9,8,12,10,9,10,15,5,8,3,8,10,7,5,1,3,3,7,4,10,13,8,8,2,4,4,8,5,6,4,5,3,6,2,3,3,5,3,4,1,2,1,1,0,1,0,0,0,1,0,0,0,0,0,0,0,0,0,0,0,0,0,0,0,0,0,0,0
岸根町,キシネチョウ,男,2174,18,13,18,21,13,15,21,30,12,23,13,16,16,15,28,21,25,26,21,28,27,24,34,31,34,35,45,30,36,32,38,16,27,33,24,26,37,28,33,27,39,32,29,29,37,39,38,44,45,36,40,35,54,43,42,33,30,23,32,30,32,18,17,18,20,19,20,18,18,15,21,24,16,18,19,8,13,16,12,13,10,13,7,5,6,5,12,8,5,2,0,2,2,1,1,0,0,0,0,0,0,0,0,0,0,0,0,0,0,0,0,0,0,0,0,0,0,0,0,0,0
岸根町,キシネチョウ,女,2004,15,20,13,19,9,21,23,11,14,25,15,15,13,14,19,16,20,18,25,29,18,28,24,39,26,31,27,37,20,28,16,26,23,16,29,24,18,35,25,25,29,24,25,41,31,37,45,30,38,36,40,41,46,36,32,27,25,33,20,20,20,20,17,14,23,18,14,11,13,25,9,17,11,25,14,16,18,10,15,24,19,18,18,15,14,11,9,9,5,4,3,7,3,2,1,2,3,0,1,0,0,0,0,0,1,0,0,0,0,0,0,0,0,0,0,0,0,0,0,0,0
北新横浜一丁目,キタシンヨコハマ1,男,143,2,4,2,2,1,2,2,1,0,1,0,1,0,0,0,0,0,0,1,1,0,1,0,0,2,5,0,2,4,5,9,2,5,4,2,4,2,4,3,3,5,0,3,3,6,3,3,3,6,6,3,4,2,1,4,2,2,1,0,0,0,1,2,2,0,1,0,0,1,0,0,0,0,0,1,1,0,0,0,0,0,0,0,0,0,0,0,0,0,0,0,0,0,0,0,0,0,0,0,0,0,0,0,0,0,0,0,0,0,0,0,0,0,0,0,0,0,0,0,0,0
北新横浜一丁目,キタシンヨコハマ1,女,109,2,2,2,0,5,1,0,1,0,1,0,1,0,1,0,1,0,0,0,0,0,1,2,1,4,2,3,3,3,2,1,5,1,5,3,5,1,4,1,2,0,1,2,7,0,1,3,3,4,3,1,4,2,2,2,0,0,1,1,0,0,0,0,0,1,0,0,0,0,0,0,1,1,1,0,0,0,0,0,0,0,0,0,1,0,1,0,0,0,0,0,0,0,0,0,0,0,0,0,0,0,0,0,0,0,0,0,0,0,0,0,0,0,0,0,0,0,0,0,0,0
北新横浜二丁目,キタシンヨコハマ2,男,351,7,7,4,4,4,8,2,3,3,5,6,5,5,2,4,1,3,2,3,4,2,3,0,2,2,3,4,7,4,2,2,11,5,7,6,7,6,7,4,6,4,6,8,11,11,10,9,3,8,6,8,6,6,0,1,1,9,2,2,4,1,1,3,1,2,0,2,1,1,1,1,3,3,0,0,1,1,1,5,2,2,4,3,6,0,2,2,2,1,1,3,2,2,2,0,0,0,0,1,0,0,0,0,1,0,0,0,0,0,0,0,0,0,0,0,0,0,0,0,0,0
北新横浜二丁目,キタシンヨコハマ2,女,378,4,6,10,3,3,3,6,4,2,3,1,2,6,2,2,3,4,2,1,3,1,2,0,2,3,3,9,8,4,5,10,9,4,8,6,5,3,6,7,2,9,8,5,6,8,7,6,8,6,2,4,4,1,3,3,0,5,6,1,3,2,1,1,1,1,0,2,1,0,2,1,3,2,4,0,0,0,2,6,3,5,4,1,2,5,9,8,3,8,7,4,6,4,4,7,2,0,1,1,1,0,0,0,1,0,0,1,0,0,0,0,0,0,0,0,0,0,0,0,0,0
小机町,コヅクエチョウ,男,6380,49,46,55,39,46,29,52,47,48,47,61,52,42,59,55,58,66,55,59,68,68,62,82,85,82,89,88,98,85,99,67,80,78,85,89,85,81,93,94,108,84,80,77,101,96,113,111,114,110,122,120,101,117,112,100,81,99,83,61,76,86,86,72,71,71,89,78,63,56,75,78,83,84,83,84,56,47,53,61,46,30,41,30,25,23,23,21,14,15,13,9,6,5,6,5,2,0,0,1,0,0,0,0,0,0,0,0,0,0,0,0,0,0,0,0,0,0,0,0,0,0
小机町,コヅクエチョウ,女,6227,38,40,35,46,53,49,46,37,56,57,45,43,59,56,56,58,38,72,59,63,66,66,119,105,106,96,103,89,91,68,93,62,75,84,62,69,81,80,75,84,81,63,68,90,92,76,67,119,103,111,110,105,111,80,96,61,92,67,68,68,74,71,80,55,68,79,57,78,55,80,75,77,102,69,72,45,48,60,58,66,48,40,35,36,39,40,24,32,28,20,22,15,13,11,10,5,13,3,7,2,3,1,1,1,1,0,0,0,0,0,0,0,0,0,0,0,0,0,0,0,0
大豆戸町,マメドチョウ,男,7012,44,51,49,56,70,71,70,49,60,51,69,59,53,61,66,60,51,55,63,71,65,82,82,90,82,77,84,80,81,69,86,90,85,68,94,84,95,89,120,106,109,91,93,99,105,117,124,120,123,125,140,105,117,131,120,87,105,112,103,101,93,75,83,83,65,60,89,72,78,65,85,94,108,97,91,64,60,67,67,64,50,41,44,21,28,33,31,20,17,14,8,13,8,5,3,0,0,1,0,0,0,0,0,0,0,0,0,0,0,0,0,0,0,0,0,0,0,0,0,0,0
大豆戸町,マメドチョウ,女,7547,42,56,54,56,58,59,65,61,63,61,58,42,59,42,54,55,60,59,72,43,64,71,86,74,83,85,100,86,91,86,78,82,100,71,95,100,83,107,101,118,121,108,103,109,106,112,131,148,109,129,137,131,94,125,103,108,103,110,102,106,100,79,98,78,63,96,78,74,82,95,90,109,124,116,110,64,74,69,81,75,63,56,45,40,51,55,62,35,32,34,22,23,21,23,8,16,10,6,3,6,0,1,1,3,0,0,0,0,0,0,1,0,0,0,0,0,0,0,0,0,0
箕輪町一丁目,ミノワチョウ1,男,1194,7,13,8,12,9,10,8,7,5,5,8,13,5,12,7,2,4,9,11,14,10,13,29,42,65,53,57,54,31,21,22,25,9,12,14,18,12,26,11,14,17,15,19,11,7,19,15,18,11,19,8,13,13,20,10,11,9,14,7,5,15,11,16,19,8,5,7,9,4,9,11,5,11,12,9,6,8,7,4,5,6,4,3,4,10,2,4,2,3,1,3,0,2,0,0,1,0,0,0,0,0,0,0,0,0,0,0,0,0,0,0,0,0,0,0,0,0,0,0,0,0
箕輪町一丁目,ミノワチョウ1,女,949,6,9,9,4,7,7,5,11,7,3,11,6,8,7,6,4,8,9,4,5,6,11,11,11,16,13,19,13,18,23,21,14,13,13,16,12,17,19,11,9,13,14,10,15,9,14,17,16,16,15,13,6,19,13,16,8,7,15,11,13,12,14,10,16,10,7,12,9,10,12,12,12,12,12,5,10,6,15,3,8,3,5,9,11,3,3,5,3,1,2,1,6,1,2,1,2,2,0,0,0,0,0,0,0,0,0,0,0,0,0,0,0,0,0,0,0,0,0,0,0,0
箕輪町二丁目,ミノワチョウ2,男,3825,75,86,73,70,62,50,54,49,37,32,29,34,24,23,26,25,21,26,22,20,25,24,27,33,37,28,34,36,43,53,73,80,76,85,97,93,104,86,83,78,81,79,75,70,72,52,57,59,49,59,43,33,56,47,40,47,66,30,27,35,37,33,35,36,30,33,40,34,34,31,36,35,45,45,23,18,13,21,13,12,22,17,11,10,6,9,4,3,5,10,3,2,3,2,2,1,1,0,0,0,0,0,0,0,0,0,0,0,0,0,0,0,0,0,0,0,0,0,0,0,0
箕輪町二丁目,ミノワチョウ2,女,4116,85,77,76,70,57,65,59,54,45,30,35,18,28,24,29,22,30,18,25,24,34,31,23,32,35,34,34,48,59,85,81,90,90,98,104,98,97,90,82,83,69,58,80,71,67,55,61,54,51,53,49,51,51,52,57,32,56,48,33,32,50,34,41,49,37,48,32,32,38,38,39,34,37,33,30,15,21,24,21,27,20,16,22,14,10,13,8,8,7,11,7,4,5,2,1,4,2,2,0,0,0,0,0,1,0,0,0,0,0,0,0,0,0,0,0,0,0,0,0,0,0
箕輪町三丁目,ミノワチョウ3,男,1409,19,9,23,14,15,16,13,14,15,10,7,11,4,8,15,6,7,5,10,12,13,22,16,16,27,33,24,22,30,42,29,27,22,35,32,27,35,36,22,28,25,26,14,29,24,27,28,19,24,17,22,19,21,14,19,20,20,18,21,14,13,8,11,12,4,8,9,7,12,8,9,6,7,10,13,3,4,8,3,10,4,7,9,4,2,4,3,2,1,4,2,4,1,0,0,2,2,1,0,0,0,0,0,0,0,0,0,0,0,0,0,0,0,0,0,0,0,0,0,0,0
箕輪町三丁目,ミノワチョウ3,女,1273,18,15,16,8,11,19,16,11,15,14,13,8,9,15,12,5,13,8,3,5,6,14,4,26,19,17,20,26,28,28,34,30,23,30,19,26,25,26,17,22,26,20,22,18,21,22,21,22,13,23,22,24,19,19,14,19,12,12,11,11,6,11,8,8,8,5,8,3,10,8,8,8,6,12,5,3,7,8,14,9,7,8,7,3,5,6,9,6,4,3,4,2,2,1,1,0,1,0,1,1,1,1,0,0,0,0,0,0,0,0,0,0,0,0,0,0,0,0,0,0,0
師岡町,モロオカチョウ,男,5127,35,48,32,68,45,53,43,63,39,53,50,42,39,36,58,54,45,41,43,52,48,53,55,53,50,60,48,57,51,52,53,58,57,51,61,75,76,58,86,75,70,80,73,84,99,96,82,80,110,87,101,83,102,100,94,79,84,85,85,67,77,59,49,44,51,52,61,50,48,48,51,54,61,76,61,35,40,44,43,35,28,28,25,20,20,19,22,17,11,12,6,9,3,0,7,1,0,1,0,1,0,0,1,0,0,0,0,0,0,0,0,0,0,0,0,0,0,0,0,0,0
師岡町,モロオカチョウ,女,5380,33,35,54,44,42,51,44,52,38,56,59,38,47,48,40,49,42,54,46,61,40,57,52,67,56,57,43,56,57,60,68,51,63,55,67,72,70,66,69,77,74,87,83,74,77,91,109,94,92,95,106,93,102,86,102,68,76,88,65,61,64,70,55,51,53,50,53,55,59,54,63,57,66,67,66,46,47,56,57,35,52,37,30,36,26,28,33,25,17,17,20,14,11,15,10,8,10,3,1,2,0,1,0,0,1,0,0,0,0,0,0,0,0,0,0,0,0,0,0,0,0
仲手原一丁目,ナカテハラ1,男,1552,20,11,11,13,15,13,14,16,9,8,20,10,11,9,11,13,14,14,12,16,14,7,26,17,17,22,23,10,17,21,19,14,22,19,29,21,16,19,25,22,24,19,27,16,30,23,28,25,22,33,11,26,26,24,33,24,19,26,13,28,21,21,18,27,24,10,13,17,16,16,29,24,25,23,14,7,7,8,11,13,7,8,14,7,8,11,6,9,8,5,1,3,2,0,0,1,0,0,0,1,0,0,0,0,0,0,0,0,0,0,0,0,0,0,0,0,0,0,0,0,0
仲手原一丁目,ナカテハラ1,女,1759,9,9,11,14,14,9,12,16,17,11,12,10,13,11,7,9,8,4,10,10,14,19,21,23,23,23,28,20,27,18,24,28,17,29,23,13,20,28,24,22,19,22,25,25,28,27,26,31,30,30,28,22,38,25,28,20,25,17,19,22,24,28,21,19,22,19,19,22,14,20,19,21,30,23,22,16,5,19,15,27,19,13,15,17,16,20,16,9,6,9,14,5,6,5,4,4,4,2,1,1,0,0,0,1,0,0,0,0,0,0,0,0,0,0,0,0,0,0,0,0,0
仲手原二丁目,ナカテハラ2,男,1710,11,6,7,12,10,12,22,10,15,10,14,11,7,12,13,15,12,4,12,15,13,22,20,25,32,32,27,30,30,36,34,26,16,23,22,25,27,35,16,21,25,30,28,23,30,27,29,27,31,29,32,38,20,27,33,24,21,24,15,17,12,17,18,9,15,15,17,20,23,14,15,12,19,23,24,11,16,7,24,13,21,10,12,10,11,8,9,5,6,6,1,1,2,5,3,1,1,0,1,1,0,0,0,0,0,0,0,0,0,0,0,0,0,0,0,0,0,0,0,0,0
仲手原二丁目,ナカテハラ2,女,1807,11,15,5,11,20,10,7,9,8,17,9,12,13,5,7,14,8,14,11,15,11,19,21,27,33,26,38,25,30,38,31,32,29,25,33,23,26,33,25,17,20,26,29,28,28,31,17,27,29,23,19,19,27,23,35,29,19,20,19,20,22,20,14,17,13,22,24,17,27,13,14,20,24,22,23,12,17,20,21,14,21,19,12,12,16,10,10,7,12,10,10,15,6,4,4,3,3,4,0,0,0,0,0,1,0,0,0,0,1,0,0,0,0,0,0,0,0,0,0,0,0
新羽町,ニッパチョウ,男,6233,43,42,32,41,37,63,40,32,43,43,45,44,34,43,44,45,57,52,59,67,58,73,71,59,86,93,108,99,90,87,76,99,70,76,77,78,90,80,76,83,78,80,84,93,99,112,120,133,122,147,143,127,139,162,137,107,131,99,88,89,83,81,65,48,48,52,50,44,46,49,51,57,66,54,71,39,40,54,54,56,54,35,29,36,28,30,20,10,11,16,8,5,3,5,5,2,1,0,1,0,0,1,0,0,0,0,0,0,0,0,0,0,0,0,0,0,0,0,0,0,0
新羽町,ニッパチョウ,女,5923,49,47,36,41,41,35,26,38,29,50,44,28,54,45,50,57,58,46,46,73,63,54,71,80,77,83,88,89,106,85,74,78,77,85,75,66,82,79,71,54,71,81,72,86,108,93,103,121,111,102,134,112,132,109,87,79,95,88,78,50,47,59,50,55,52,42,46,61,42,53,56,64,59,80,68,47,42,75,82,63,58,48,45,44,34,26,33,29,18,13,23,17,6,12,11,4,7,3,1,3,2,0,0,1,0,0,0,0,0,0,0,0,0,0,0,0,0,0,0,0,0
錦が丘,ニシキガオカ,男,960,3,4,4,5,3,5,4,2,2,0,7,5,3,7,9,3,5,4,4,4,9,4,13,16,27,35,29,24,22,23,36,21,27,18,14,11,16,11,14,18,10,9,11,9,12,10,20,13,12,10,11,17,14,11,13,11,19,11,9,13,12,21,9,8,9,11,9,7,11,9,17,10,6,10,9,2,5,16,7,6,4,9,7,1,2,8,4,2,3,3,2,1,1,0,0,1,0,1,1,0,0,0,0,0,0,0,0,0,0,0,0,0,0,0,0,0,0,0,0,0,0
錦が丘,ニシキガオカ,女,927,0,6,3,2,2,3,3,6,5,3,4,5,1,5,2,6,4,4,4,6,6,14,22,19,29,28,28,21,20,21,23,13,11,16,15,15,10,9,9,17,10,9,10,10,10,10,6,12,17,8,14,18,14,12,4,15,12,10,10,14,15,7,12,5,10,9,8,9,6,15,17,6,13,12,11,6,6,7,5,6,5,7,5,6,3,10,6,6,7,8,4,7,5,5,3,3,0,3,1,0,1,1,0,0,0,0,0,0,0,0,1,0,0,0,0,0,0,0,0,0,0
大倉山一丁目,オオクラヤマ1,男,1587,14,17,10,24,17,21,29,30,27,20,23,24,23,19,16,9,7,6,7,16,9,8,10,12,12,13,15,19,20,9,21,18,20,16,16,21,22,25,29,29,29,34,45,48,34,30,33,40,41,28,29,26,35,28,25,23,31,12,21,11,13,9,19,12,13,12,7,12,12,11,11,17,12,9,14,3,6,8,7,10,7,7,6,8,3,8,10,2,4,2,1,2,1,1,0,1,1,0,0,0,0,0,0,0,0,0,0,0,0,0,0,0,0,0,0,0,0,0,0,0,0
大倉山一丁目,オオクラヤマ1,女,1855,20,18,19,14,15,20,19,20,15,18,23,24,11,15,11,11,10,8,10,8,7,9,21,19,23,25,22,23,21,18,32,22,25,28,40,33,31,32,41,34,38,38,37,31,32,33,37,37,34,47,42,37,36,30,22,21,24,25,22,16,15,22,13,9,13,14,10,18,10,21,8,17,20,20,24,11,13,8,11,13,16,6,16,7,4,11,5,9,5,2,4,6,3,2,4,5,0,2,1,1,0,0,0,0,0,2,0,0,0,0,0,0,0,0,0,0,0,0,0,0,0
大倉山二丁目,オオクラヤマ2,男,931,7,8,5,5,7,5,8,8,6,5,8,6,2,9,8,5,9,11,7,5,7,7,13,20,20,17,18,8,18,16,13,12,15,15,17,14,14,11,7,16,13,9,9,15,17,16,21,18,11,18,19,18,23,14,12,12,13,5,14,12,11,10,14,9,9,10,9,7,10,8,10,9,8,11,16,6,10,6,3,7,6,5,8,2,3,2,2,1,2,5,3,1,1,0,2,3,1,0,0,0,0,0,0,0,0,0,0,0,0,0,0,0,0,0,0,0,0,0,0,0,0
大倉山二丁目,オオクラヤマ2,女,955,5,7,2,0,4,9,6,9,3,3,4,4,8,10,5,9,4,14,10,15,18,10,10,20,12,17,14,17,14,17,19,17,10,17,14,12,14,15,12,15,10,14,13,10,11,13,20,12,17,16,14,15,21,15,12,11,12,9,11,12,6,13,7,13,10,8,6,8,12,4,8,9,14,9,13,9,5,8,10,7,6,3,5,5,7,8,10,12,5,6,1,2,1,2,6,0,2,1,0,0,1,0,0,0,0,0,0,0,0,0,0,0,0,0,0,0,0,0,0,0,0
大倉山三丁目,オオクラヤマ3,男,1901,21,18,20,14,20,15,17,23,14,17,17,13,18,14,11,11,10,19,20,21,13,16,12,17,29,24,23,22,25,29,29,30,20,20,27,23,23,26,27,32,30,32,23,22,35,36,29,29,40,21,38,37,50,28,39,26,32,31,27,34,18,30,22,31,19,23,15,18,18,18,13,28,20,13,18,10,7,9,11,18,12,12,8,11,7,14,8,5,4,4,3,6,4,1,0,2,0,0,1,0,0,0,1,0,0,0,0,0,0,0,0,0,0,0,0,0,0,0,0,0,0
大倉山三丁目,オオクラヤマ3,女,2196,18,16,12,12,19,12,15,13,18,16,18,18,16,18,17,14,14,19,24,12,13,28,30,19,20,23,36,25,36,35,27,31,30,19,32,33,40,29,30,30,35,40,44,25,35,40,34,44,46,34,41,27,34,44,38,31,40,32,44,30,24,21,24,24,15,18,19,18,17,22,23,15,26,18,12,15,24,19,13,17,14,15,12,12,15,14,9,12,16,6,14,10,6,9,4,11,2,2,1,1,1,0,1,0,0,0,0,0,0,0,0,0,0,0,0,0,0,0,0,0,0
大倉山四丁目,オオクラヤマ4,男,2136,16,21,19,15,31,18,30,32,27,25,17,21,22,18,27,23,20,17,17,20,18,16,23,17,15,27,20,18,26,23,22,25,19,30,27,33,32,26,29,36,39,51,36,43,35,25,19,44,37,37,31,44,40,41,42,24,28,27,27,24,19,23,25,28,20,27,24,14,16,24,18,27,27,19,27,12,8,14,15,16,12,13,17,7,11,16,5,9,9,2,5,2,4,0,4,4,0,1,0,0,0,0,0,0,0,0,0,0,0,0,0,0,0,0,0,0,0,0,0,0,0
大倉山四丁目,オオクラヤマ4,女,2289,21,14,17,16,18,25,21,24,23,30,20,24,23,17,17,15,19,14,23,26,19,22,20,24,15,25,15,17,17,27,25,26,34,26,23,23,24,31,38,44,42,43,41,37,39,44,35,43,34,39,41,30,41,45,34,31,31,33,16,33,31,21,22,25,12,17,20,34,19,18,27,26,25,23,29,19,14,20,30,31,13,18,16,17,22,16,10,9,13,11,12,5,10,8,2,4,2,1,0,0,0,2,1,0,0,0,0,0,0,0,0,0,0,0,0,0,0,0,0,0,0
大倉山五丁目,オオクラヤマ5,男,2686,17,18,22,25,19,23,24,32,21,30,31,24,30,33,23,31,31,31,20,35,29,27,22,31,19,23,21,24,26,28,33,26,26,21,28,25,28,40,43,28,30,38,42,42,39,45,50,52,51,52,52,46,51,45,63,44,52,55,45,42,24,32,38,38,28,30,21,28,32,34,42,31,40,34,27,15,23,13,10,19,15,12,6,7,17,11,13,8,7,7,6,4,2,3,0,1,3,1,0,0,0,0,0,0,0,0,0,0,0,0,0,0,0,0,0,0,0,0,0,0,0
大倉山五丁目,オオクラヤマ5,女,2868,14,17,14,19,16,28,24,36,28,26,27,32,28,38,35,23,27,23,41,31,33,22,31,28,23,19,26,25,27,27,26,22,28,22,22,23,25,42,33,29,36,38,45,50,50,40,58,77,56,58,57,57,48,45,76,46,44,45,29,43,28,27,36,34,18,34,37,36,31,34,23,42,30,37,33,25,19,19,31,19,19,27,10,20,19,22,14,16,15,8,10,6,6,6,7,3,5,1,2,0,0,1,0,0,0,0,0,0,0,0,0,0,0,0,0,0,0,0,0,0,0
大倉山六丁目,オオクラヤマ6,男,1481,12,12,8,13,7,9,8,10,12,10,14,12,15,12,13,11,11,20,17,13,16,18,18,19,21,22,17,18,18,20,17,21,16,19,15,22,18,25,18,17,18,19,16,19,29,20,20,34,26,29,24,25,21,34,28,23,27,29,26,29,18,18,13,18,17,12,15,12,16,25,16,14,17,14,18,9,7,11,20,10,8,12,7,6,7,7,4,2,9,2,2,0,2,0,2,1,0,0,0,0,0,0,0,0,0,0,0,0,0,0,0,0,0,0,0,0,0,0,0,0,0
大倉山六丁目,オオクラヤマ6,女,1418,7,8,12,18,11,13,11,7,15,10,10,6,10,17,14,14,9,16,13,13,14,18,18,10,15,14,17,12,21,18,18,20,6,16,13,12,21,19,13,28,17,19,22,20,17,22,22,27,26,12,28,28,22,27,33,15,23,20,22,29,16,18,12,12,12,19,12,17,17,14,9,22,17,13,18,11,10,19,13,20,18,9,8,10,10,14,7,2,3,4,5,7,0,4,2,2,2,1,1,0,0,0,0,0,0,0,0,0,0,0,0,0,0,0,0,0,0,0,0,0,0
大倉山七丁目,オオクラヤマ7,男,1547,6,9,19,16,17,11,20,20,10,16,26,13,18,22,20,14,14,13,13,14,22,17,25,18,23,19,20,19,8,9,20,16,16,15,18,16,21,23,24,15,21,27,22,27,20,34,25,16,23,25,35,32,20,22,17,19,26,31,25,25,22,32,21,13,22,16,22,19,16,13,11,9,13,17,16,7,11,9,12,9,6,7,4,6,9,7,6,5,4,8,0,1,0,3,1,1,0,2,0,0,0,0,0,0,0,0,0,0,0,0,0,0,0,0,0,0,0,0,0,0,0
大倉山七丁目,オオクラヤマ7,女,1516,13,5,9,11,20,14,14,19,16,14,13,13,17,13,8,13,15,10,21,16,13,21,22,18,17,16,13,20,8,23,12,11,15,10,10,15,26,22,20,13,19,18,22,29,29,30,24,30,22,27,20,30,31,32,23,16,28,26,32,25,32,24,18,18,10,13,12,15,13,12,9,12,15,17,18,6,12,5,7,11,10,10,7,7,8,10,13,12,5,9,10,9,3,6,1,1,2,1,0,1,0,0,0,0,0,0,0,0,0,0,0,0,0,0,0,0,0,0,0,0,0
大曽根一丁目,オオソネ1,男,1019,2,5,10,9,7,10,6,3,4,6,4,7,2,5,6,3,15,7,6,7,11,12,8,21,22,9,17,17,16,18,7,12,11,11,19,11,13,17,19,18,9,11,12,8,13,13,13,13,16,22,13,27,14,24,18,14,19,15,17,13,10,9,11,13,11,8,12,9,14,10,16,14,19,19,7,9,2,2,9,6,9,8,4,6,13,6,8,5,7,8,5,3,3,1,4,0,1,0,0,0,1,0,0,0,0,0,0,0,0,0,0,0,0,0,0,0,0,0,0,0,0
大曽根一丁目,オオソネ1,女,1109,4,1,4,8,1,12,7,2,3,8,3,5,5,5,7,8,4,5,7,5,8,10,16,20,23,14,14,19,25,16,10,20,12,6,13,14,12,12,16,13,18,9,17,9,16,15,14,11,10,14,26,14,29,14,11,20,15,12,12,15,13,9,18,10,12,17,17,12,15,20,13,12,13,17,10,9,8,13,12,13,13,8,6,8,11,13,16,7,16,8,7,7,6,3,4,6,2,2,1,3,1,0,0,0,0,0,0,0,0,0,0,0,0,0,0,0,0,0,0,0,0
大曽根二丁目,オオソネ2,男,1459,9,13,15,10,15,10,18,7,17,13,12,15,11,14,10,8,9,6,7,4,16,13,18,15,19,16,15,18,30,25,24,21,18,20,20,20,27,16,24,27,24,22,19,23,22,23,26,21,22,24,22,28,20,18,26,10,23,20,24,16,16,15,16,20,15,10,9,14,9,13,24,28,29,24,14,12,13,22,11,10,10,10,6,5,4,10,4,6,2,2,2,5,1,2,2,0,2,2,0,0,1,0,0,1,0,0,0,0,0,0,0,0,0,0,0,0,0,0,0,0,0
大曽根二丁目,オオソネ2,女,1449,8,7,10,12,15,16,8,18,8,5,10,9,10,16,6,15,13,12,9,10,13,7,12,17,17,25,26,24,13,21,22,19,19,12,20,17,14,23,11,21,19,26,17,23,20,22,16,23,15,23,20,18,18,14,19,16,21,16,19,19,26,12,10,13,19,17,10,17,15,14,24,23,25,15,19,17,16,14,10,13,11,9,11,10,14,17,8,13,8,8,12,10,7,7,7,4,2,4,3,0,0,1,0,0,0,0,0,0,0,0,0,0,0,0,0,0,0,0,0,0,0
大曽根三丁目,オオソネ3,男,1692,19,15,15,18,15,7,19,13,18,18,9,14,15,18,15,14,16,10,21,21,23,27,21,21,22,20,21,25,17,20,27,27,18,11,24,23,26,26,26,24,19,24,30,29,22,28,19,27,28,26,30,28,32,39,49,23,39,37,27,31,21,20,27,23,11,13,10,12,16,12,10,12,10,14,18,7,9,12,5,5,6,10,7,6,5,3,11,7,1,2,8,2,3,1,1,1,0,3,1,0,0,0,1,0,0,0,0,0,0,0,0,0,0,0,0,0,0,0,0,0,0
大曽根三丁目,オオソネ3,女,1621,14,13,13,16,16,19,17,18,16,14,13,17,17,13,4,15,18,9,15,14,16,16,17,20,21,26,20,28,27,13,16,19,20,20,16,19,15,23,23,22,28,25,27,17,17,28,23,21,31,25,32,27,34,37,38,18,32,24,27,21,28,15,17,17,12,12,11,12,14,13,11,11,14,14,12,8,9,10,7,16,8,20,12,8,11,9,16,12,4,9,7,5,7,2,2,1,1,1,1,1,1,0,0,0,0,0,0,0,0,0,0,0,0,0,0,0,0,0,0,0,0
大曽根台,オオソネダイ,男,1302,11,15,3,7,11,9,10,16,7,11,10,10,11,11,11,8,6,11,11,12,11,10,15,17,16,17,16,27,24,19,18,14,14,17,22,15,25,21,21,14,19,18,18,23,8,23,20,20,19,18,25,24,18,25,22,20,18,22,14,16,19,9,18,15,13,9,11,11,17,17,10,15,13,13,18,11,9,9,12,13,9,12,8,11,3,10,5,7,4,7,4,5,2,3,3,1,1,1,0,0,0,0,0,0,0,0,0,0,0,0,0,0,0,0,0,0,0,0,0,0,0
大曽根台,オオソネダイ,女,1323,4,7,8,10,8,10,10,10,14,9,12,9,10,9,3,11,9,4,12,9,9,15,10,21,22,24,20,15,17,27,19,17,9,11,16,19,9,22,17,8,13,17,30,20,16,15,18,26,23,28,20,16,11,21,16,23,18,12,19,11,6,18,16,15,10,18,11,13,8,17,19,16,13,22,15,17,8,14,9,8,16,14,9,18,15,9,17,13,11,4,6,9,12,3,8,2,2,3,1,0,0,0,0,0,0,0,0,0,0,0,0,0,0,0,0,0,0,0,0,0,0
下田町一丁目,シモダチョウ1,男,603,4,4,5,6,9,3,2,7,3,5,6,4,6,4,4,7,3,5,4,3,9,6,7,3,12,6,10,10,3,4,8,7,10,6,7,4,7,14,5,10,12,7,5,4,9,13,10,7,8,8,7,12,13,14,4,7,10,9,10,6,9,12,7,7,9,7,5,3,5,6,9,7,9,11,8,2,6,2,8,2,4,4,6,5,6,8,0,5,2,2,4,1,1,3,0,1,0,0,0,0,0,0,0,0,0,0,0,0,0,0,0,0,0,0,0,0,0,0,0,0,0
下田町一丁目,シモダチョウ1,女,637,4,1,3,5,2,3,5,4,4,5,4,7,7,4,3,9,4,7,5,5,6,3,10,7,6,5,6,4,9,3,6,7,8,5,5,9,4,7,7,6,7,9,8,8,7,17,9,7,13,12,10,7,12,9,6,13,10,9,9,4,4,6,6,10,7,10,7,6,9,7,3,6,14,8,2,7,5,5,11,7,7,6,9,11,4,6,6,8,11,3,7,5,3,4,0,2,2,1,1,1,0,0,0,0,0,0,0,0,0,0,0,0,0,0,0,0,0,0,0,0,0
下田町二丁目,シモダチョウ2,男,721,6,2,6,7,5,5,6,4,2,2,7,6,3,4,3,3,4,4,3,3,8,8,12,14,14,13,12,7,10,13,11,11,10,2,12,12,13,11,10,14,15,12,7,7,13,4,11,12,12,2,5,9,15,9,12,8,13,7,9,12,13,12,11,10,6,8,6,8,10,2,8,17,10,16,8,3,8,8,5,7,6,6,2,5,2,2,1,2,2,4,3,5,3,1,2,0,2,0,1,0,0,0,0,0,0,0,0,0,0,0,0,0,0,0,0,0,0,0,0,0,0
下田町二丁目,シモダチョウ2,女,740,4,2,11,8,6,8,2,9,4,5,5,3,5,4,2,6,2,3,3,5,10,6,3,9,8,5,7,13,8,9,8,8,11,7,14,12,12,5,12,7,8,13,9,9,6,10,6,9,11,5,12,9,18,12,10,4,11,15,8,6,14,12,9,7,7,12,12,5,5,16,9,9,19,11,9,5,7,11,12,5,7,5,5,8,4,4,6,9,2,8,2,5,5,4,0,3,3,0,0,0,2,0,0,0,0,0,0,0,0,0,0,0,0,0,0,0,0,0,0,0,0
下田町三丁目,シモダチョウ3,男,1222,10,18,8,17,12,12,17,14,12,8,8,16,14,11,13,17,10,12,6,10,13,14,10,17,13,11,13,10,12,10,12,7,15,13,15,10,13,23,17,21,20,21,20,17,28,27,15,16,14,16,24,20,16,20,17,18,18,11,14,15,11,14,14,13,11,10,15,13,17,7,11,18,19,20,19,9,4,13,9,13,10,9,3,13,7,5,4,9,3,2,3,3,2,2,1,1,3,0,0,1,0,0,0,0,0,0,0,0,0,0,0,0,0,0,0,0,0,0,0,0,0
下田町三丁目,シモダチョウ3,女,1266,10,12,10,12,12,18,12,13,17,8,20,12,11,9,9,5,13,9,9,10,10,17,16,13,14,14,10,11,9,16,10,10,10,15,13,11,18,14,12,17,19,16,17,21,14,28,18,10,18,24,19,15,17,19,16,11,18,16,21,12,12,20,11,20,12,11,14,11,21,14,18,16,20,16,11,17,16,15,11,12,13,11,6,6,10,12,13,9,4,8,5,5,12,5,1,3,1,2,1,1,0,0,0,0,0,0,0,0,0,0,0,0,0,0,0,0,0,0,0,0,0
下田町四丁目,シモダチョウ4,男,1104,8,3,5,13,7,9,13,10,7,8,9,9,3,8,8,7,7,3,10,2,7,8,8,11,6,4,6,1,16,10,13,13,19,15,12,16,6,15,15,13,13,14,14,17,15,14,22,20,15,18,20,25,24,22,22,17,21,32,20,16,14,21,15,17,9,7,9,12,10,16,10,15,18,19,10,11,12,14,13,5,9,10,12,9,11,7,6,8,7,6,7,2,1,1,2,0,2,1,0,1,1,0,0,0,0,0,0,0,0,0,0,0,0,0,0,0,0,0,0,0,0
下田町四丁目,シモダチョウ4,女,1266,10,7,11,7,5,7,3,14,8,5,6,10,13,7,6,10,7,7,5,10,8,7,8,6,10,14,8,19,21,8,8,23,16,10,10,16,14,12,14,14,16,13,20,17,21,23,16,22,13,14,18,19,25,21,28,11,20,24,30,9,9,12,22,22,12,18,15,8,18,13,20,11,18,17,24,9,12,18,10,10,20,21,10,9,23,14,16,9,11,7,3,12,8,6,4,3,4,2,2,0,0,0,0,0,0,0,0,0,0,0,0,0,0,0,0,0,0,0,0,0,0
下田町五丁目,シモダチョウ5,男,1526,12,9,10,12,13,12,19,16,11,11,15,18,11,23,18,17,23,16,17,18,22,20,17,18,19,19,15,10,7,13,14,15,18,15,22,18,24,23,15,20,20,21,12,24,22,17,31,34,30,29,27,37,41,35,28,17,32,27,16,22,17,23,19,9,16,16,12,15,14,17,10,9,15,14,21,10,7,10,7,4,16,9,6,12,8,10,8,8,7,4,1,1,1,0,2,0,1,0,0,0,0,0,0,0,0,0,0,0,0,0,0,0,0,0,0,0,0,0,0,0,0
下田町五丁目,シモダチョウ5,女,1594,10,10,10,17,14,11,16,14,15,18,6,16,19,19,18,12,18,20,21,14,28,19,25,16,15,15,10,20,12,14,13,13,18,10,24,18,16,19,19,14,15,19,21,18,18,24,30,24,26,34,30,34,29,35,39,26,21,27,20,19,21,15,17,11,13,14,17,13,17,12,11,15,21,20,15,17,15,21,16,14,16,9,12,11,17,4,13,12,10,4,10,1,2,4,1,2,1,2,2,1,0,0,0,0,0,0,0,0,0,0,0,0,0,0,0,0,0,0,0,0,0
下田町六丁目,シモダチョウ6,男,1376,6,13,7,8,11,10,5,19,15,9,15,10,16,16,16,20,15,18,17,14,21,19,12,17,10,14,13,12,11,11,8,9,9,17,17,15,10,22,15,13,14,18,20,15,17,15,29,32,24,35,28,38,23,22,27,23,20,14,20,15,16,19,17,16,15,20,16,10,12,12,13,9,18,20,15,9,8,9,12,18,14,7,8,7,15,10,6,3,6,3,10,4,7,4,0,1,3,0,0,0,0,0,0,0,0,0,0,0,0,0,0,0,0,0,0,0,0,0,0,0,0
下田町六丁目,シモダチョウ6,女,1492,5,9,8,8,5,13,12,12,13,12,16,12,19,19,7,10,12,17,12,17,17,14,22,14,19,13,17,10,16,14,7,14,10,12,10,9,7,15,8,16,18,17,18,19,16,19,25,22,27,36,27,38,22,29,27,22,19,18,17,22,18,24,18,18,15,16,8,9,17,11,17,20,18,17,19,15,19,15,23,18,16,9,11,10,15,17,12,20,13,14,12,6,8,10,2,7,2,5,4,1,2,0,1,0,0,0,0,0,0,0,0,0,0,0,0,0,0,0,0,0,0
篠原北一丁目,シノハラキタ1,男,1325,3,9,10,12,8,4,7,7,8,6,12,5,7,10,8,11,9,8,8,12,15,15,21,26,24,29,20,28,26,25,24,20,17,21,17,19,18,15,15,20,22,14,20,22,22,20,19,20,20,19,21,21,28,25,20,13,18,16,18,19,14,24,19,17,17,17,14,11,16,16,14,11,14,14,14,9,15,10,13,8,5,7,5,5,7,6,5,3,1,3,3,2,4,2,0,0,3,0,0,1,0,0,0,0,0,0,0,0,0,0,0,0,0,0,0,0,0,0,0,0,0
篠原北一丁目,シノハラキタ1,女,1345,5,12,8,12,6,9,6,8,7,4,4,8,8,6,6,6,7,9,16,11,9,16,16,24,24,26,25,22,20,18,20,21,24,21,19,10,18,15,12,16,20,13,15,20,15,18,17,23,25,22,14,20,23,22,21,18,18,21,13,14,18,9,18,15,17,16,16,18,10,14,16,16,14,19,18,17,6,15,8,12,7,14,10,7,8,10,10,12,13,8,11,8,9,5,5,1,3,3,0,1,1,0,1,0,0,0,0,0,0,0,0,0,0,0,0,0,0,0,0,0,0
篠原北二丁目,シノハラキタ2,男,835,6,4,8,5,6,3,5,4,4,6,7,5,4,3,5,2,5,3,6,7,8,6,9,19,19,10,20,26,18,12,16,18,16,18,11,11,10,15,14,20,10,4,12,16,6,9,14,10,21,13,13,10,13,14,14,8,18,11,11,10,5,12,9,7,7,10,10,10,8,5,5,8,9,14,6,2,9,4,10,6,5,4,2,3,2,6,6,3,5,5,2,2,1,0,0,1,1,0,0,0,0,0,0,0,0,0,0,0,0,0,0,0,0,0,0,0,0,0,0,0,0
篠原北二丁目,シノハラキタ2,女,840,4,5,4,1,6,4,6,4,4,5,3,3,5,6,3,3,9,4,3,8,5,9,10,16,16,23,11,13,12,17,19,5,13,10,10,12,9,13,5,8,10,10,18,7,3,15,16,9,19,16,14,13,16,9,13,5,17,11,7,11,8,5,15,14,6,13,8,6,7,3,15,16,11,14,12,10,8,6,8,7,7,7,4,8,6,8,3,7,5,1,2,3,5,3,3,5,1,1,1,2,0,1,0,0,0,0,0,0,0,0,0,0,0,0,0,0,0,0,0,0,0
篠原台町,シノハラダイマチ,男,1352,11,4,16,11,12,10,10,10,10,10,12,14,4,19,15,19,11,17,11,13,16,16,17,17,16,18,13,13,15,14,15,10,11,11,14,22,21,17,20,12,18,20,14,17,20,18,15,23,25,25,25,25,22,27,31,11,27,21,14,14,20,16,13,20,17,23,12,14,12,16,21,23,17,15,12,11,6,14,14,16,9,9,7,6,7,8,6,5,3,8,2,2,1,2,2,3,0,0,1,0,0,0,0,0,0,0,0,0,0,0,0,0,0,0,0,0,0,0,0,0,0
篠原台町,シノハラダイマチ,女,1486,9,7,9,7,7,12,13,13,11,14,13,10,15,11,9,14,8,11,12,20,13,14,18,25,19,25,18,26,14,16,12,15,14,22,16,12,15,21,19,22,13,17,17,21,20,27,15,23,24,25,26,29,17,32,19,18,26,22,25,16,20,15,8,13,20,16,16,12,15,16,10,13,28,22,24,14,10,9,17,11,14,13,19,11,18,10,14,17,5,7,6,3,4,6,5,3,3,2,1,2,0,1,0,0,0,0,0,0,0,0,0,0,0,0,0,0,0,0,0,0,0
篠原町,シノハラチョウ,男,5957,49,48,46,46,57,60,45,50,43,53,57,57,64,61,59,53,46,52,56,50,57,44,71,73,86,83,105,111,100,77,88,108,72,90,85,84,71,96,91,75,78,83,99,91,88,106,89,108,98,84,119,102,109,98,111,85,90,85,68,65,62,50,63,61,41,52,61,56,44,60,66,62,58,61,72,42,36,41,49,35,47,23,35,31,23,21,26,11,13,21,14,9,7,10,7,5,3,1,2,1,0,0,0,0,0,0,0,0,0,0,0,0,0,0,0,0,0,0,0,0,0
篠原町,シノハラチョウ,女,5848,47,52,46,45,48,54,45,37,63,37,48,39,51,45,46,63,40,48,49,55,45,62,39,78,67,78,72,77,79,72,88,73,77,84,56,86,81,69,81,78,83,86,72,72,72,96,94,113,111,105,110,106,98,78,99,56,88,83,68,62,73,68,44,46,53,53,52,67,53,75,66,69,67,63,76,37,45,63,49,56,48,52,34,38,41,37,39,40,29,29,20,19,27,21,11,11,7,9,2,3,3,0,0,1,0,0,0,0,0,0,0,0,0,0,0,0,0,0,0,0,0
篠原西町,シノハラニシチョウ,男,1632,14,14,18,12,11,11,15,10,10,15,17,13,8,14,9,16,15,12,16,15,18,14,13,28,22,21,28,28,21,22,25,16,18,25,22,19,22,19,27,22,28,25,25,27,32,18,19,28,20,29,37,17,27,25,21,24,30,21,19,22,20,24,15,16,12,17,16,16,18,15,19,17,22,18,14,19,11,16,7,14,11,10,16,13,8,8,10,5,6,6,9,4,3,3,3,2,0,0,0,0,0,0,0,0,0,0,0,0,0,0,0,0,0,0,0,0,0,0,0,0,0
篠原西町,シノハラニシチョウ,女,1767,9,14,12,13,17,9,14,10,14,6,11,11,14,13,14,11,11,9,28,12,20,23,28,42,34,37,32,26,14,21,27,20,27,17,23,24,28,20,24,22,21,24,24,17,21,18,26,21,31,27,26,30,31,18,25,26,28,18,21,23,16,22,19,19,24,15,16,22,13,11,22,17,16,28,25,13,19,11,21,9,26,15,9,12,11,17,9,8,11,13,13,4,1,5,4,3,3,2,1,4,1,0,0,0,0,0,0,0,0,0,0,0,0,0,0,0,0,0,0,0,0
篠原東一丁目,シノハラヒガシ1,男,840,3,6,13,8,10,10,10,6,8,15,10,9,13,12,5,12,9,4,5,11,7,6,11,10,8,8,11,12,5,9,12,10,11,12,13,6,13,10,15,9,13,14,23,16,20,12,11,12,15,14,14,16,11,9,16,7,3,12,9,11,6,14,12,16,8,5,3,10,9,9,3,11,3,15,8,2,10,6,8,6,5,6,3,5,2,2,2,4,2,2,2,1,1,2,1,1,0,0,0,0,0,0,0,0,0,0,0,0,0,0,0,0,0,0,0,0,0,0,0,0,0
篠原東一丁目,シノハラヒガシ1,女,929,2,10,7,6,5,9,8,6,1,9,8,10,10,4,10,6,8,11,4,7,6,11,10,11,13,11,15,7,11,6,9,13,8,9,13,13,13,17,13,14,14,14,12,19,20,13,19,18,21,15,23,9,13,10,11,8,17,16,10,12,12,10,8,11,9,8,12,7,6,11,11,10,11,13,16,8,6,11,7,8,8,9,4,5,5,6,2,1,8,6,4,7,3,5,1,1,0,0,0,0,0,0,0,1,0,0,0,0,0,0,0,0,0,0,0,0,0,0,0,0,0
篠原東二丁目,シノハラヒガシ2,男,904,6,12,7,11,17,4,10,13,11,17,10,8,6,12,12,5,3,6,10,6,9,3,9,12,10,9,12,14,13,13,11,13,12,15,8,9,22,11,11,15,6,16,18,17,11,20,16,17,11,13,13,10,18,9,9,14,15,10,15,11,10,9,7,6,13,15,7,8,8,8,6,10,8,8,10,10,6,2,7,7,10,6,8,7,4,2,3,2,0,1,3,0,0,0,3,4,0,0,0,0,0,0,0,0,0,0,0,0,0,0,0,0,0,0,0,0,0,0,0,0,0
篠原東二丁目,シノハラヒガシ2,女,903,9,5,9,9,5,8,12,6,8,7,7,3,6,5,5,7,7,7,5,5,9,12,11,14,10,10,13,12,13,11,7,13,19,20,12,13,14,10,16,14,5,22,6,12,20,13,20,18,8,10,12,10,11,15,12,10,20,11,11,9,5,11,10,7,8,10,7,5,10,8,9,11,17,11,11,10,7,7,12,13,9,10,4,1,4,6,4,5,6,3,6,1,3,0,1,3,1,2,1,0,0,0,1,0,0,0,0,0,0,0,0,0,0,0,0,0,0,0,0,0,0
篠原東三丁目,シノハラヒガシ3,男,1062,6,10,9,5,10,5,14,12,8,4,7,8,3,6,16,8,10,10,8,9,10,17,15,15,12,18,19,14,25,19,23,8,13,25,20,11,11,12,14,17,17,10,11,15,9,14,18,22,16,23,21,17,18,15,18,9,18,13,13,13,16,13,13,16,12,12,9,10,8,10,7,8,11,16,5,8,14,7,8,9,11,5,4,1,6,3,1,2,3,1,5,6,2,1,1,1,0,1,0,0,0,0,0,0,0,0,0,0,0,0,0,0,0,0,0,0,0,0,0,0,0
篠原東三丁目,シノハラヒガシ3,女,1106,5,4,5,8,6,9,2,11,6,7,12,6,9,11,5,10,11,11,8,14,8,13,12,20,14,25,17,20,20,16,20,13,10,24,8,18,19,15,20,13,9,20,12,12,11,16,14,13,23,11,20,15,23,12,23,13,14,18,13,10,13,16,8,11,11,10,12,7,9,11,9,13,9,13,10,14,14,11,11,12,9,3,7,8,4,6,8,10,6,7,5,8,3,2,4,1,0,0,1,1,2,0,0,0,0,0,0,0,0,0,0,0,0,0,0,0,0,0,0,0,0
新横浜一丁目,シンヨコハマ1,男,4084,40,37,28,35,46,24,21,27,24,22,23,21,24,32,25,17,28,19,24,19,26,39,46,46,72,86,79,79,72,92,74,67,72,75,69,72,82,80,88,82,58,91,84,84,78,92,75,84,79,90,65,87,86,87,76,67,72,63,62,63,39,33,36,23,30,36,38,33,26,21,31,35,33,22,21,7,9,13,15,15,15,14,8,8,4,8,8,8,4,3,3,3,2,1,0,0,2,0,0,0,0,0,0,0,0,0,0,0,0,0,0,0,0,0,0,0,0,0,0,0,0
新横浜一丁目,シンヨコハマ1,女,3581,25,27,32,25,26,30,27,26,22,14,21,22,23,21,24,15,18,23,16,39,35,35,61,53,55,82,75,62,60,62,76,73,64,62,57,72,72,69,54,73,62,64,75,65,68,66,70,65,77,71,72,68,74,57,51,49,50,45,41,44,32,26,28,25,31,13,25,22,24,18,20,19,25,19,18,16,17,13,12,23,25,19,11,18,13,20,14,17,10,5,7,9,8,2,4,3,2,2,0,3,0,0,0,1,0,0,0,0,0,0,0,0,0,0,0,0,0,0,0,0,0
新横浜二丁目,シンヨコハマ2,男,1023,7,11,13,5,12,5,7,4,5,4,6,2,5,1,3,8,3,12,3,5,6,8,6,7,12,12,18,22,19,22,22,10,16,22,20,27,25,12,25,16,18,19,16,19,19,17,18,25,22,20,16,18,18,19,30,19,26,25,19,13,17,18,13,13,8,6,8,8,4,4,4,6,8,9,8,9,8,5,5,3,3,4,0,0,1,1,0,0,2,1,0,2,0,1,0,0,0,0,0,0,0,0,0,0,0,0,0,0,0,0,0,0,0,0,0,0,0,0,0,0,0
新横浜二丁目,シンヨコハマ2,女,1019,8,11,4,10,15,10,8,2,6,6,7,3,8,7,5,8,4,4,5,1,7,8,6,13,16,16,16,18,21,17,17,17,12,12,23,19,22,17,20,12,19,14,20,19,16,22,27,25,19,15,25,21,21,17,18,23,19,22,24,10,10,14,9,4,11,9,6,4,6,7,10,7,7,9,8,4,6,1,5,9,7,3,1,3,4,2,2,5,1,3,2,1,1,0,0,0,0,0,1,0,0,0,0,0,0,0,0,0,0,0,0,0,0,0,0,0,0,0,0,0,0
新横浜三丁目,シンヨコハマ3,男,1201,9,10,7,5,8,7,6,8,9,4,5,4,2,6,2,6,1,3,12,6,3,7,15,21,22,31,32,30,30,26,32,28,22,24,14,20,22,22,26,20,26,23,21,19,16,29,20,19,24,33,19,22,20,25,21,23,33,18,24,23,7,14,16,13,5,12,8,4,11,10,7,5,9,6,4,8,4,2,3,4,4,1,1,3,2,4,1,0,1,3,0,1,1,0,1,0,0,0,0,0,0,0,1,0,0,0,0,0,0,0,0,0,0,0,0,0,0,0,0,0,0
新横浜三丁目,シンヨコハマ3,女,1134,11,3,10,8,7,13,9,6,4,4,9,2,3,6,3,11,2,7,6,13,7,14,13,20,18,36,30,35,27,30,25,30,18,14,20,20,20,15,25,22,15,15,16,14,15,15,14,19,26,27,23,21,18,21,21,15,23,26,8,19,9,13,12,7,8,11,8,7,9,6,4,12,7,9,4,4,4,4,6,4,1,6,3,3,3,4,4,2,2,0,1,2,3,3,0,1,1,0,0,0,0,0,0,0,0,0,0,0,0,0,0,0,0,0,0,0,0,0,0,0,0
新吉田町,シンヨシダチョウ,男,2223,7,12,14,18,13,21,18,26,17,16,19,17,15,21,19,14,14,22,12,15,22,27,27,27,27,28,15,17,26,23,25,30,17,21,29,25,26,21,25,30,32,28,28,34,26,32,40,49,48,49,41,41,43,59,36,34,36,37,26,21,25,21,18,24,17,21,25,24,20,31,13,34,29,29,33,16,28,23,28,26,24,23,16,23,13,16,13,7,12,7,4,6,6,5,0,0,1,0,2,0,2,0,0,0,0,0,0,0,0,0,0,0,0,0,0,0,0,0,0,0,0
新吉田町,シンヨシダチョウ,女,2142,8,12,9,13,18,20,17,18,16,17,13,15,14,21,14,20,18,20,12,18,13,28,12,17,27,26,16,16,21,17,17,22,16,19,20,19,13,26,18,28,27,27,32,24,30,32,28,42,33,30,39,38,37,29,40,24,27,25,16,19,22,25,19,12,18,24,22,26,26,25,20,25,36,44,35,16,21,32,44,30,40,22,29,26,19,26,22,13,19,16,16,12,8,9,12,6,7,9,1,2,2,0,1,0,0,0,0,0,0,0,0,0,0,0,0,0,0,0,0,0,0
新吉田東一丁目,シンヨシダヒガシ1,男,1765,18,11,16,14,21,23,17,13,17,16,12,15,11,13,14,14,11,15,16,11,22,21,18,22,20,19,21,27,19,18,21,17,19,26,30,24,27,23,30,33,25,32,28,31,31,29,29,31,27,28,35,33,31,34,26,27,23,21,16,22,15,18,11,17,18,17,18,17,17,23,15,20,21,26,14,16,15,17,16,19,17,17,8,7,10,11,7,9,5,1,1,3,2,3,0,0,0,0,0,0,0,0,0,0,0,0,0,0,0,0,0,0,0,0,0,0,0,0,0,0,0
新吉田東一丁目,シンヨシダヒガシ1,女,1736,17,13,14,17,23,12,13,20,14,12,12,12,8,9,12,9,12,13,20,19,20,23,26,20,25,20,13,23,18,18,16,22,19,17,26,25,20,22,22,10,33,13,29,25,30,26,22,28,23,24,45,29,23,30,28,16,20,23,18,13,21,15,14,17,11,13,20,21,13,25,25,20,22,25,33,21,29,22,24,12,15,9,11,10,14,16,12,13,13,11,5,3,4,6,1,1,1,1,1,1,0,1,0,0,0,0,0,0,0,0,0,0,0,0,0,0,0,0,0,0,0
新吉田東二丁目,シンヨシダヒガシ2,男,1205,4,5,15,11,13,11,17,13,11,16,7,11,8,12,9,11,10,6,10,7,15,7,9,16,4,9,12,13,6,6,9,13,9,14,16,14,25,19,16,14,11,27,18,14,18,16,15,26,20,22,23,19,24,15,17,14,18,14,19,14,13,8,13,17,18,16,17,21,22,21,9,21,30,23,12,14,14,10,12,13,8,9,9,8,6,2,1,4,4,2,3,2,1,3,0,1,1,0,0,0,0,0,0,0,0,0,0,0,0,0,0,0,0,0,0,0,0,0,0,0,0
新吉田東二丁目,シンヨシダヒガシ2,女,1246,8,6,10,9,11,11,13,14,11,12,7,5,5,14,7,11,8,10,7,10,13,8,12,11,5,12,7,10,4,6,9,11,13,14,10,23,19,23,18,20,12,17,15,25,21,11,13,25,28,11,16,20,28,16,22,11,18,15,16,11,15,29,14,23,24,20,25,17,11,15,17,17,14,20,20,5,21,16,10,17,14,10,7,8,4,10,4,5,10,8,5,7,3,4,1,2,3,2,0,1,0,0,0,0,0,0,0,0,0,0,0,0,0,0,0,0,0,0,0,0,0
新吉田東三丁目,シンヨシダヒガシ3,男,1260,16,8,14,12,12,9,19,16,17,12,29,10,16,9,8,9,10,5,4,17,8,9,14,20,19,19,17,16,20,18,23,24,17,13,22,15,15,32,28,24,10,26,26,22,18,27,28,25,22,26,20,24,18,15,19,15,11,14,14,7,13,10,9,16,8,5,7,10,2,13,12,6,14,10,12,10,5,9,10,6,15,5,7,9,4,5,4,4,3,1,0,1,0,2,0,1,0,0,0,0,0,0,0,0,0,0,0,0,0,0,0,0,0,0,0,0,0,0,0,0,0
新吉田東三丁目,シンヨシダヒガシ3,女,1256,13,15,13,12,9,14,23,17,15,16,11,11,19,17,9,11,8,9,8,9,8,13,11,10,12,16,18,21,17,22,19,16,15,14,18,13,28,26,20,26,26,21,23,25,24,18,24,20,24,18,17,20,20,12,11,10,15,9,6,7,10,12,12,6,7,6,10,9,6,9,13,10,21,17,10,11,14,12,10,14,9,11,6,9,8,5,5,7,4,4,2,3,3,2,2,1,1,2,0,1,0,0,0,0,0,0,0,0,0,0,0,0,0,0,0,0,0,0,0,0,0
新吉田東四丁目,シンヨシダヒガシ4,男,620,6,7,13,8,12,7,10,11,13,12,11,11,9,6,5,4,4,6,5,1,3,3,5,6,2,6,3,2,2,4,12,12,7,9,14,10,8,12,11,10,11,12,17,14,9,13,14,8,13,11,14,14,16,6,12,9,5,7,6,3,2,4,2,4,2,8,5,1,2,3,1,5,8,4,4,4,3,6,1,4,4,5,2,3,4,1,1,2,2,2,1,1,0,0,2,0,1,0,0,0,0,0,0,0,0,0,0,0,0,0,0,0,0,0,0,0,0,0,0,0,0
新吉田東四丁目,シンヨシダヒガシ4,女,629,13,10,14,6,15,6,10,9,6,9,6,6,5,4,9,8,7,4,9,6,8,6,1,4,7,2,7,3,2,8,8,5,15,9,10,15,7,8,15,7,11,16,11,15,13,12,9,13,8,8,5,12,6,9,8,8,4,3,2,7,0,2,4,1,10,3,6,3,2,6,4,9,8,6,9,2,4,5,3,6,6,6,4,4,5,0,1,5,1,3,3,1,2,1,1,0,1,1,2,0,0,0,0,0,0,0,0,0,0,0,0,0,0,0,0,0,0,0,0,0,0
新吉田東五丁目,シンヨシダヒガシ5,男,1755,10,14,13,17,17,15,14,14,12,13,14,10,13,21,16,14,21,12,21,19,15,19,22,18,25,23,17,24,8,17,23,21,31,17,25,19,18,27,27,22,29,22,29,24,21,33,22,23,27,40,26,26,27,23,30,24,22,19,32,19,23,28,15,13,21,23,20,16,15,12,20,22,27,24,19,12,21,18,23,15,24,14,13,11,10,14,7,7,8,7,3,1,5,0,1,4,1,0,1,1,0,0,0,0,0,0,0,0,0,0,0,0,0,0,0,0,0,0,0,0,0
新吉田東五丁目,シンヨシダヒガシ5,女,1731,5,9,13,10,7,15,22,13,11,10,11,17,15,11,15,15,13,11,13,14,15,12,18,21,20,22,15,14,15,18,12,21,17,17,20,9,25,21,21,20,24,20,21,27,22,26,22,25,31,32,30,28,21,29,21,19,35,19,12,19,25,20,23,25,21,18,18,13,27,17,24,22,30,29,31,18,24,25,19,19,18,17,18,17,19,11,13,10,8,11,13,7,11,6,1,4,5,2,3,2,1,0,0,0,0,0,0,0,0,0,0,0,0,0,0,0,0,0,0,0,0
新吉田東六丁目,シンヨシダヒガシ6,男,2030,13,20,14,18,16,26,18,19,15,14,12,12,19,20,13,17,15,27,15,18,31,25,26,22,23,23,24,26,28,19,21,20,28,23,14,36,23,26,21,18,30,25,32,23,26,27,35,41,38,30,39,39,32,42,39,30,29,31,21,19,24,17,19,16,20,15,18,20,20,17,13,15,32,21,20,11,31,29,32,28,22,18,18,15,17,12,21,10,7,3,8,2,4,0,6,3,0,0,0,0,0,0,0,0,0,0,0,0,0,0,0,0,0,0,0,0,0,0,0,0,0
新吉田東六丁目,シンヨシダヒガシ6,女,2024,14,20,12,10,11,17,21,19,19,19,19,14,12,21,13,12,17,23,21,16,17,19,22,27,29,26,24,29,19,12,17,28,24,20,19,21,25,22,16,23,23,18,27,26,26,30,30,34,41,28,35,36,26,38,24,24,21,27,25,18,19,18,10,21,19,18,18,17,21,23,29,30,27,30,35,17,21,32,30,26,31,31,18,19,13,25,13,16,9,20,13,13,4,4,3,1,2,1,0,1,0,0,0,0,0,0,0,0,0,0,0,0,0,0,0,0,0,0,0,0,0
新吉田東七丁目,シンヨシダヒガシ7,男,706,5,6,7,7,7,3,2,10,4,6,10,7,4,5,4,6,6,4,6,2,8,8,6,16,3,10,5,2,8,9,4,6,8,11,12,5,8,13,6,6,10,10,10,15,17,7,12,19,13,15,15,6,4,15,11,10,17,14,1,6,8,6,6,7,4,7,5,10,6,7,3,14,9,16,9,5,6,12,7,10,8,9,6,7,5,3,2,4,5,1,2,1,0,1,2,0,0,1,0,0,0,0,0,0,0,0,0,0,0,0,0,0,0,0,0,0,0,0,0,0,0
新吉田東七丁目,シンヨシダヒガシ7,女,705,0,7,0,5,5,3,6,9,9,7,6,5,10,9,6,3,7,5,9,5,6,6,2,8,8,10,6,6,4,4,3,1,7,1,6,6,4,14,9,10,6,9,16,11,10,6,7,16,12,17,11,7,13,8,8,5,9,9,7,10,5,16,8,7,5,4,10,5,9,7,19,8,11,11,15,16,7,10,6,10,12,7,3,7,7,6,8,3,8,3,3,6,2,1,2,0,1,0,1,0,2,0,0,0,0,0,0,0,0,0,0,0,0,0,0,0,0,0,0,0,0
新吉田東八丁目,シンヨシダヒガシ8,男,2759,17,21,18,30,20,22,22,29,27,36,37,37,29,32,37,35,18,37,25,24,39,36,34,24,37,41,51,35,38,37,22,25,31,28,26,27,30,36,31,29,34,50,49,48,57,50,40,52,58,55,64,55,52,68,61,32,62,45,36,39,40,33,42,18,20,22,14,17,23,11,27,19,22,25,22,22,17,16,18,16,14,8,10,11,8,10,14,6,3,0,3,3,3,4,0,0,0,1,0,0,0,0,0,0,0,0,0,0,0,0,0,0,0,0,0,0,0,0,0,0,0
新吉田東八丁目,シンヨシダヒガシ8,女,2666,15,14,16,16,21,21,26,25,34,31,34,37,30,32,29,30,41,23,34,31,36,31,26,32,28,20,27,33,22,27,28,29,31,32,25,18,34,28,47,40,38,42,45,44,54,51,53,62,47,56,63,45,52,54,60,32,41,41,20,37,30,31,27,21,17,23,22,20,25,21,25,24,23,25,23,14,20,24,13,20,21,23,12,9,6,13,9,13,7,6,4,7,2,4,2,4,2,0,1,2,0,0,0,0,0,0,0,0,0,0,0,0,0,0,0,0,0,0,0,0,0
高田町,タカタチョウ,男,379,0,1,1,1,2,3,0,2,5,4,1,4,1,1,3,4,4,6,5,3,6,5,3,5,4,5,4,8,3,1,3,2,2,2,5,2,2,3,1,2,3,3,2,2,6,8,5,9,7,8,5,12,6,11,15,2,6,8,6,4,5,7,3,3,7,4,2,8,4,1,7,7,8,6,3,5,2,3,6,5,2,6,2,2,1,2,2,2,1,4,3,3,1,3,1,1,0,0,0,0,0,0,0,0,0,0,0,0,0,0,0,0,0,0,0,0,0,0,0,0,0
高田町,タカタチョウ,女,378,1,0,1,1,3,6,2,0,3,5,3,2,1,3,4,1,4,2,3,1,5,4,2,5,5,2,2,1,3,2,2,3,4,0,1,1,4,5,5,5,3,5,5,3,2,7,6,6,8,11,10,6,12,2,5,7,7,2,6,5,7,2,4,5,2,1,3,9,1,6,2,6,7,5,5,3,9,5,5,5,7,5,6,6,5,3,4,5,2,5,3,2,1,1,3,0,1,0,0,0,0,1,0,1,0,0,0,0,0,0,0,0,0,0,0,0,0,0,0,0,0
高田西一丁目,タカタニシ1,男,1178,13,15,16,12,18,18,14,16,13,16,12,8,5,7,10,5,12,6,7,12,2,5,3,9,9,13,7,12,12,10,12,13,13,9,10,24,19,26,26,20,19,36,29,24,29,18,29,18,19,29,23,23,18,19,16,11,15,12,10,10,9,9,8,10,11,10,8,7,8,7,15,19,12,15,13,6,11,11,14,12,4,18,9,7,3,5,3,3,2,2,2,1,1,2,0,1,2,1,1,0,0,0,0,0,0,0,0,0,0,0,0,0,0,0,0,0,0,0,0,0,0
高田西一丁目,タカタニシ1,女,1210,13,11,11,11,17,14,15,10,14,8,16,12,13,8,6,4,5,3,9,5,9,11,12,10,11,9,10,11,11,14,19,15,21,16,24,20,22,21,22,19,18,23,20,24,13,20,21,12,26,17,17,21,16,17,12,11,18,5,18,8,7,6,9,8,11,12,7,7,9,11,15,16,20,20,24,8,17,19,13,15,18,13,8,9,7,6,5,5,2,7,6,3,3,4,3,2,0,1,3,0,0,0,0,1,0,0,1,0,0,0,0,0,0,0,0,0,0,0,0,0,0
高田西二丁目,タカタニシ2,男,783,9,6,9,14,4,10,3,5,3,5,7,4,4,7,10,6,3,6,7,6,6,12,6,8,13,10,13,18,15,21,11,17,10,11,14,7,7,3,10,11,17,15,14,13,14,15,15,10,14,10,8,18,8,14,13,5,17,11,10,9,7,7,7,7,7,8,5,10,2,9,8,3,4,10,10,9,6,5,6,5,4,9,2,6,2,4,2,3,2,3,3,2,2,2,0,1,0,0,0,0,0,0,0,0,0,0,0,0,0,0,0,0,0,0,0,0,0,0,0,0,0
高田西二丁目,タカタニシ2,女,769,11,7,5,2,4,10,4,8,5,4,6,7,5,6,5,3,10,4,5,6,4,4,9,6,12,12,9,9,9,17,11,14,18,7,21,3,10,9,8,17,9,9,10,10,12,17,14,13,13,14,9,14,11,14,10,9,15,8,6,5,9,8,8,7,6,4,6,7,3,2,2,8,11,12,14,7,8,8,7,10,6,9,9,5,5,9,4,6,4,0,4,3,3,2,1,3,0,0,0,0,0,1,0,0,0,0,0,0,0,0,0,0,0,0,0,0,0,0,0,0,0
高田西三丁目,タカタニシ3,男,782,4,6,5,8,8,10,13,3,5,7,10,5,3,12,8,5,7,11,10,6,14,9,8,10,9,11,10,11,8,10,9,12,10,12,12,9,4,7,12,12,12,9,17,13,12,11,15,11,16,13,18,13,13,5,12,7,10,11,12,11,4,4,7,7,9,5,8,9,4,7,14,8,10,9,9,9,6,8,5,13,3,5,2,5,3,5,4,2,2,4,0,2,3,1,0,0,0,0,0,0,0,0,0,0,0,0,0,0,0,0,0,0,0,0,0,0,0,0,0,0,0
高田西三丁目,タカタニシ3,女,857,9,13,7,5,5,9,4,8,9,5,7,12,11,5,4,10,7,5,5,3,8,11,11,10,14,12,9,11,6,12,5,10,15,8,7,10,10,6,13,14,11,7,9,13,12,7,20,20,3,11,12,12,17,11,15,11,17,8,11,5,9,9,10,8,10,4,10,11,8,13,12,12,7,13,16,7,4,4,9,5,7,12,7,6,10,7,6,8,5,7,3,3,4,5,3,0,2,1,1,0,1,0,0,1,0,0,0,0,0,0,0,0,0,0,0,0,0,0,0,0,0
高田西四丁目,タカタニシ4,男,1124,4,13,12,11,9,13,10,8,8,11,8,8,9,10,11,9,3,7,14,8,7,17,5,8,12,15,12,15,9,9,9,8,9,13,11,10,11,15,8,15,15,10,15,13,19,27,19,19,27,17,29,23,21,26,14,14,15,19,17,13,16,14,17,11,14,11,14,11,13,16,9,15,8,16,17,11,7,11,14,12,13,12,2,9,15,10,5,3,4,8,1,3,2,1,0,2,0,1,0,0,0,0,0,0,0,0,0,0,0,0,0,0,0,0,0,0,0,0,0,0,0
高田西四丁目,タカタニシ4,女,1062,5,5,12,9,6,11,8,12,9,13,8,12,13,9,7,8,8,4,8,13,14,7,7,8,12,15,7,10,7,11,4,6,11,9,10,10,13,13,9,10,17,18,14,11,12,13,21,23,18,20,25,16,11,26,12,12,10,12,19,13,14,9,13,19,10,9,10,10,6,14,21,9,13,25,16,9,6,18,14,8,21,12,16,12,10,5,8,4,4,4,3,2,3,3,1,2,2,0,0,0,1,0,0,0,0,0,0,0,0,0,0,0,0,0,0,0,0,0,0,0,0
高田西五丁目,タカタニシ5,男,871,7,10,6,5,10,8,5,6,2,5,7,9,8,9,9,11,3,3,8,10,11,11,9,8,10,7,8,10,5,3,8,8,6,8,6,10,14,8,6,9,11,9,5,9,16,16,14,24,11,14,24,17,15,14,18,15,13,10,15,16,7,12,15,12,8,9,12,5,8,11,8,8,12,17,11,7,11,13,12,6,8,11,5,7,9,6,6,6,3,4,6,2,1,0,1,0,0,0,0,0,0,0,0,0,0,0,0,0,0,0,0,0,0,0,0,0,0,0,0,0,0
高田西五丁目,タカタニシ5,女,960,8,8,5,3,7,4,4,4,6,14,9,7,10,7,5,12,11,12,9,14,3,9,9,12,11,4,10,5,6,7,7,7,9,8,6,16,12,8,7,4,10,10,8,10,11,17,13,17,13,24,20,25,10,18,14,11,16,15,10,10,11,16,17,6,4,16,7,10,5,7,6,13,15,10,26,10,11,15,10,18,12,19,11,14,10,11,9,6,4,11,4,3,2,5,1,0,1,2,1,0,0,0,0,0,0,0,0,0,0,0,0,0,0,0,0,0,0,0,0,0,0
高田東一丁目,タカタヒガシ1,男,1322,9,16,11,10,18,10,12,6,10,9,10,13,9,15,12,12,6,9,8,12,14,14,13,17,19,18,21,17,26,18,18,23,17,22,21,25,15,21,19,22,29,19,23,27,24,28,27,24,21,33,26,21,21,20,20,15,15,15,17,15,12,18,10,12,10,11,11,11,13,10,11,15,12,16,14,5,7,9,4,6,10,4,7,8,9,6,4,3,3,2,3,3,2,1,1,0,2,0,0,0,0,0,0,0,0,0,0,0,0,0,0,0,0,0,0,0,0,0,0,0,0
高田東一丁目,タカタヒガシ1,女,1302,10,9,10,13,11,6,15,12,13,7,6,9,9,12,9,5,11,15,10,10,9,11,14,16,24,17,21,23,20,22,18,23,20,19,20,15,14,22,24,18,23,16,15,19,23,33,20,14,18,11,11,12,18,16,24,11,10,12,20,14,9,8,8,13,11,12,13,12,13,16,14,13,14,15,16,5,11,7,11,20,16,18,8,9,13,4,10,8,9,13,4,9,4,3,5,2,5,4,2,1,0,0,1,0,0,0,1,0,0,0,0,0,0,0,0,0,0,0,0,0,0
高田東二丁目,タカタヒガシ2,男,632,6,6,6,3,4,6,7,10,6,6,7,3,10,5,8,5,5,6,6,8,5,8,7,6,5,9,1,6,7,3,4,13,7,2,13,8,5,7,7,7,10,11,10,10,11,13,13,9,15,3,14,6,12,16,16,11,9,12,9,6,9,4,5,8,3,6,4,9,5,5,4,11,6,4,5,8,6,4,5,5,6,10,3,5,2,5,2,4,2,2,2,1,1,1,0,0,0,1,0,0,0,0,0,0,0,0,0,0,0,0,0,0,0,0,0,0,0,0,0,0,0
高田東二丁目,タカタヒガシ2,女,691,6,3,3,5,6,6,5,7,8,4,5,6,8,8,8,6,8,5,8,3,9,10,10,8,5,10,9,6,2,9,5,5,6,8,10,9,6,7,7,8,11,10,12,11,13,12,12,12,13,11,14,15,9,16,14,7,15,8,7,7,5,4,3,6,3,3,6,6,4,5,10,4,8,4,10,5,8,8,10,10,9,5,6,13,8,7,5,4,3,2,1,2,3,0,2,1,0,1,0,0,1,0,0,0,0,0,0,0,0,0,0,0,0,0,0,0,0,0,0,0,0
高田東三丁目,タカタヒガシ3,男,1167,16,10,7,8,8,16,11,8,16,12,12,7,8,13,11,15,2,10,8,13,13,12,9,11,12,11,11,15,14,16,12,20,14,11,17,9,20,21,17,15,12,17,15,25,10,25,22,23,22,15,16,19,27,28,33,17,19,14,13,15,14,11,11,9,16,9,9,15,11,5,10,10,12,14,11,5,9,8,9,10,9,9,9,6,9,4,8,2,7,4,3,5,2,1,1,1,0,0,0,0,0,1,0,0,0,0,0,0,0,0,0,0,0,0,0,0,0,0,0,0,0
高田東三丁目,タカタヒガシ3,女,1177,15,14,6,12,7,8,8,13,8,13,5,6,11,8,8,8,9,8,10,6,11,6,5,11,23,18,21,14,13,21,15,9,18,16,10,11,22,15,14,19,7,13,15,25,17,19,14,17,13,28,23,26,30,11,12,17,20,12,12,15,12,5,9,4,6,14,7,13,9,6,5,10,8,14,18,10,6,26,11,12,13,9,16,12,11,13,13,7,6,9,12,7,4,5,2,2,2,4,2,1,0,1,0,0,0,0,0,0,0,0,0,0,0,0,0,0,0,0,0,0,0
高田東四丁目,タカタヒガシ4,男,1080,10,8,8,4,7,7,7,9,1,10,4,6,4,11,3,3,8,9,8,3,10,8,13,10,19,21,20,21,16,18,15,14,14,21,22,11,20,20,15,20,9,22,12,16,12,19,16,19,22,23,14,15,19,17,9,20,15,14,12,15,10,15,9,11,10,15,10,16,11,13,10,13,11,13,21,16,9,11,11,7,5,12,7,8,4,1,9,3,0,2,3,2,0,3,0,0,0,0,0,1,0,0,0,0,0,0,0,0,0,0,0,0,0,0,0,0,0,0,0,0,0
高田東四丁目,タカタヒガシ4,女,1065,8,9,6,7,3,2,4,10,6,5,6,6,4,3,8,2,6,5,6,2,5,10,13,15,18,28,13,17,18,11,17,20,21,21,22,15,10,10,17,14,12,15,13,11,12,16,18,13,11,17,20,13,10,15,19,16,15,17,18,5,11,12,12,17,9,16,18,7,20,13,14,13,10,14,16,8,12,8,17,7,13,9,8,7,4,9,6,10,3,3,10,8,2,4,2,1,2,0,1,0,0,0,0,0,0,0,0,0,0,0,0,0,0,0,0,0,0,0,0,0,0
樽町一丁目,タルマチ1,男,2140,24,26,39,28,24,22,26,14,20,16,14,14,7,15,7,18,6,16,9,14,15,20,21,22,33,34,36,23,28,50,42,41,34,41,40,42,51,39,38,38,41,39,38,39,34,34,29,29,27,28,35,35,33,32,41,27,28,27,34,29,24,31,29,18,24,19,18,17,26,21,17,15,26,22,20,5,6,12,11,10,6,10,9,7,8,4,3,1,3,2,4,3,0,1,0,1,1,0,0,0,0,0,0,0,0,0,0,0,0,0,0,0,0,0,0,0,0,0,0,0,0
樽町一丁目,タルマチ1,女,2146,32,29,26,24,25,24,20,17,25,10,24,11,9,16,12,6,11,12,17,21,15,12,31,28,32,27,29,36,43,33,48,35,48,47,39,40,42,36,39,32,31,25,38,38,36,26,34,29,31,25,26,37,35,32,28,30,24,28,32,27,28,25,24,24,22,23,13,12,11,16,17,16,22,26,14,12,12,9,23,20,10,10,10,11,11,8,11,3,4,2,6,2,3,4,2,2,0,0,1,0,0,1,1,0,0,0,0,0,0,0,0,0,0,0,0,0,0,0,0,0,0
樽町二丁目,タルマチ2,男,2275,27,25,22,36,31,29,34,27,15,21,27,14,9,20,14,17,13,11,15,18,9,11,23,18,18,19,33,26,23,35,30,42,34,32,35,30,41,54,47,45,61,51,46,42,48,47,47,50,52,48,42,44,38,36,20,26,33,21,38,23,23,22,21,14,16,24,18,19,26,20,12,32,22,18,15,14,16,13,7,10,8,15,8,3,6,4,6,2,4,4,3,4,0,1,0,0,2,0,0,0,0,0,0,0,0,0,0,0,0,0,0,0,0,0,0,0,0,0,0,0,0
樽町二丁目,タルマチ2,女,2357,29,27,32,32,29,36,26,35,29,28,20,14,18,10,15,19,15,16,15,15,15,18,19,41,19,26,32,30,35,33,32,26,36,38,48,37,42,47,50,52,53,37,48,42,36,45,39,33,50,40,43,33,40,32,32,18,25,27,20,17,14,23,22,20,18,17,22,16,19,20,20,27,27,25,15,16,15,19,14,14,12,17,14,11,9,8,10,6,9,6,7,5,0,4,2,3,1,0,3,1,0,0,0,0,0,0,0,0,0,0,0,0,0,0,0,0,0,0,0,0,0
樽町三丁目,タルマチ3,男,2726,9,23,21,22,41,35,50,47,45,36,40,42,34,40,29,38,26,33,19,27,33,18,26,31,28,15,20,30,18,26,17,20,14,19,23,27,29,41,48,48,69,62,59,65,66,59,48,55,70,48,54,57,43,53,57,48,44,44,54,42,32,35,28,18,19,21,26,16,16,19,22,24,26,23,12,9,9,13,5,10,4,7,9,6,6,2,1,3,5,3,3,2,2,3,0,2,0,0,0,0,0,0,0,0,0,0,0,0,0,0,0,0,0,0,0,0,0,0,0,0,0
樽町三丁目,タルマチ3,女,2719,11,21,21,20,31,37,35,43,42,45,50,37,28,37,31,24,25,22,30,32,16,30,28,26,23,19,31,23,27,27,22,14,20,35,22,24,47,44,52,51,55,69,54,60,54,60,45,52,53,61,53,50,49,46,57,40,48,44,33,29,37,21,28,22,27,18,26,17,27,20,19,16,19,19,18,14,14,14,18,13,7,16,7,3,2,3,9,6,9,7,3,8,4,3,2,2,3,2,0,1,0,0,0,0,0,0,0,0,0,0,0,0,0,0,0,0,0,0,0,0,0
樽町四丁目,タルマチ4,男,1769,19,11,18,22,17,23,24,21,25,19,12,11,17,10,20,16,9,12,15,14,15,19,24,34,17,24,20,27,37,33,20,31,27,29,27,27,32,31,40,34,34,39,38,36,39,41,27,38,42,32,29,39,33,25,33,20,24,27,17,19,14,9,14,18,8,10,16,9,7,11,10,9,10,9,13,10,9,8,8,5,7,5,3,4,3,8,4,4,3,2,2,0,0,0,0,1,1,0,0,0,0,0,0,0,0,0,0,0,0,0,0,0,0,0,0,0,0,0,0,0,0
樽町四丁目,タルマチ4,女,1601,14,17,13,26,17,23,21,18,25,22,11,22,12,10,17,14,12,12,10,17,10,26,19,22,16,24,13,20,24,30,18,27,18,39,24,18,31,27,27,36,33,36,38,30,36,28,22,23,21,28,30,30,25,30,28,12,24,13,15,14,15,9,12,10,9,19,16,16,7,8,6,7,16,11,10,6,7,3,7,13,13,9,5,9,6,5,7,4,3,4,3,2,2,2,1,1,0,0,0,0,0,0,0,0,0,0,0,0,0,0,0,0,0,0,0,0,0,0,0,0,0
鳥山町,トリヤマチョウ,男,3709,26,27,30,24,32,40,25,39,44,22,29,42,20,28,26,27,21,24,36,34,30,27,41,47,46,50,52,58,51,51,58,56,42,49,48,50,57,48,56,49,49,62,64,63,50,47,77,68,73,53,77,62,58,58,53,36,68,44,34,53,44,42,38,43,40,45,41,39,36,49,54,43,44,56,48,32,26,44,33,26,20,30,18,21,14,13,9,10,12,6,3,3,5,1,5,1,0,3,0,0,1,0,0,0,0,0,0,0,0,0,0,0,0,0,0,0,0,0,0,0,0
鳥山町,トリヤマチョウ,女,3595,38,26,32,22,29,30,41,31,30,29,30,35,31,28,25,33,21,24,28,32,41,40,45,38,46,53,55,39,50,62,45,54,39,46,53,44,42,43,45,42,42,48,54,50,41,48,62,62,65,46,58,52,52,47,56,59,44,42,34,23,32,41,35,45,39,46,43,31,46,50,43,41,60,44,45,27,40,37,44,34,34,28,17,25,22,12,19,23,16,9,8,14,13,10,6,2,4,4,3,0,0,1,0,0,0,0,0,0,0,0,0,0,0,0,0,0,0,0,0,0,0
綱島上町,ツナシマカミチョウ,男,2108,13,17,16,18,26,10,24,10,22,19,19,26,23,26,24,34,31,40,29,36,34,37,23,32,23,19,27,16,17,18,19,13,14,17,20,17,15,18,21,16,18,35,22,27,28,35,32,32,37,38,45,50,56,47,57,47,45,44,43,39,34,32,36,25,15,19,19,14,21,26,12,17,25,22,16,10,9,17,8,11,15,3,6,3,10,6,5,3,3,2,2,1,1,1,3,0,0,0,0,0,0,0,0,0,0,0,0,0,0,0,0,0,0,0,0,0,0,0,0,0,0
綱島上町,ツナシマカミチョウ,女,2249,6,16,10,15,11,18,20,21,20,29,15,11,26,26,25,29,38,27,37,40,38,29,29,28,26,26,26,21,32,14,12,18,23,14,23,18,20,24,26,26,21,21,31,29,42,36,38,35,46,47,60,60,67,54,58,36,47,44,39,33,35,42,23,14,14,24,13,19,22,17,15,23,22,19,17,15,16,9,13,11,12,14,8,11,8,9,8,6,6,8,3,6,3,4,1,0,0,0,1,1,0,0,0,0,0,0,0,0,0,0,0,0,0,0,0,0,0,0,0,0,0
綱島台,ツナシマダイ,男,1094,12,9,8,11,9,7,4,7,12,8,12,10,6,9,7,5,6,6,4,5,5,6,13,18,20,16,14,15,21,19,25,28,20,17,18,21,19,16,18,18,12,12,16,16,16,17,17,23,16,22,15,15,26,12,21,10,17,16,13,11,9,10,9,12,18,12,7,10,14,13,13,9,19,18,11,8,13,5,10,5,1,7,1,7,7,3,3,4,4,2,1,1,0,1,0,0,0,0,0,0,0,0,0,0,0,0,0,0,0,0,0,0,0,0,0,0,0,0,0,0,0
綱島台,ツナシマダイ,女,1045,11,7,9,8,7,10,7,11,8,5,5,3,10,6,3,7,7,0,5,4,7,13,16,17,12,24,15,25,21,15,15,19,22,15,16,16,8,11,12,14,6,21,20,22,19,9,21,17,17,19,10,15,15,14,14,12,18,9,10,18,8,10,10,12,10,10,14,15,6,13,9,20,13,8,21,8,9,8,5,8,9,6,3,9,6,2,4,5,5,9,3,4,2,1,2,2,2,1,0,0,1,0,0,0,0,0,0,0,0,0,0,0,0,0,0,0,0,0,0,0,0
綱島西一丁目,ツナシマニシ1,男,955,3,9,4,8,5,5,8,6,8,5,4,5,6,3,6,7,9,6,5,4,11,7,9,18,14,11,14,20,19,10,16,18,21,13,10,22,19,24,13,12,13,11,15,15,17,18,25,12,21,14,17,22,12,11,19,10,11,17,11,8,12,11,5,10,7,9,7,8,9,8,14,11,20,11,9,10,7,6,6,7,7,4,3,4,3,4,3,6,3,6,2,1,3,0,1,1,0,0,1,0,0,0,0,0,0,0,0,0,0,0,0,0,0,0,0,0,0,0,0,0,0
綱島西一丁目,ツナシマニシ1,女,1050,11,7,6,3,10,5,6,2,5,3,7,4,3,4,9,4,7,5,6,14,10,14,7,10,24,20,26,18,21,13,16,17,16,15,10,19,16,7,14,15,11,13,15,18,15,20,16,21,17,19,20,10,18,16,13,12,16,16,15,8,10,4,8,24,10,8,6,7,9,14,17,17,8,16,16,11,4,10,7,13,11,6,6,6,6,3,9,6,6,6,4,3,7,6,1,1,2,3,0,0,0,1,0,0,0,0,0,0,0,0,0,0,0,0,0,0,0,0,0,0,0
綱島西二丁目,ツナシマニシ2,男,1951,14,25,14,22,20,22,19,15,14,10,13,14,10,10,8,6,6,8,7,13,15,16,18,23,23,27,34,31,27,52,35,45,32,36,26,32,36,45,42,38,34,33,44,29,39,32,46,27,32,31,39,29,48,28,29,17,21,30,32,23,19,26,20,18,12,23,14,12,11,12,21,19,28,23,15,10,11,11,19,11,14,6,5,4,7,5,3,4,5,2,7,3,1,1,1,1,0,0,0,1,0,0,0,0,0,0,0,0,0,0,0,0,0,0,0,0,0,0,0,0,0
綱島西二丁目,ツナシマニシ2,女,2079,13,18,15,14,17,13,17,12,9,14,7,7,9,6,7,9,9,10,13,12,18,19,18,34,38,44,29,37,49,41,39,42,36,26,30,37,33,47,38,28,38,40,31,41,28,39,42,35,39,35,25,31,34,33,30,26,25,23,30,17,26,23,11,19,11,19,16,17,23,16,20,23,27,31,20,19,10,27,19,20,7,15,13,8,9,9,7,11,7,14,6,5,4,1,1,2,2,2,1,1,0,0,1,0,0,0,0,0,0,0,0,0,0,0,0,0,0,0,0,0,0
綱島西三丁目,ツナシマニシ3,男,1114,11,19,14,9,8,8,11,9,18,4,6,6,10,4,7,6,4,4,6,3,12,9,10,14,20,11,25,17,26,21,15,26,30,16,30,21,21,34,25,21,22,17,26,18,24,23,18,18,18,10,14,12,24,18,17,4,15,12,11,6,17,10,10,8,6,9,8,9,10,5,3,7,11,15,10,4,7,6,10,4,8,6,1,4,3,2,2,3,0,5,1,2,4,1,1,2,1,1,0,0,0,0,0,0,0,0,0,0,0,0,0,0,0,0,0,0,0,0,0,0,0
綱島西三丁目,ツナシマニシ3,女,1110,16,13,11,11,9,5,10,13,7,10,9,8,5,7,4,7,3,9,4,6,7,8,8,14,19,24,28,19,25,30,17,25,20,33,21,28,23,27,20,16,14,17,18,14,17,14,16,9,17,22,11,15,16,15,19,10,7,7,12,9,16,6,9,5,7,8,9,6,5,9,12,4,15,12,7,4,8,12,5,6,3,3,2,8,11,11,5,3,6,5,2,6,6,3,4,1,3,0,2,0,2,0,0,1,0,0,0,0,0,0,0,0,0,0,0,0,0,0,0,0,0
綱島西四丁目,ツナシマニシ4,男,1519,24,18,19,16,14,17,11,9,7,9,12,9,9,7,6,13,8,5,8,5,8,12,20,25,20,21,30,37,30,36,35,34,27,29,27,34,30,31,29,35,21,22,25,35,26,28,30,26,23,28,17,27,20,22,22,14,12,19,21,18,21,19,19,9,6,10,18,9,11,11,19,13,11,15,9,7,9,7,6,6,3,13,9,1,4,3,3,3,4,2,0,0,0,1,2,1,1,1,0,1,0,0,0,0,0,0,0,0,0,0,0,0,0,0,0,0,0,0,0,0,0
綱島西四丁目,ツナシマニシ4,女,1474,20,19,19,12,20,12,8,11,21,9,5,4,7,6,12,6,7,5,9,13,11,20,16,26,19,25,22,33,32,31,35,29,38,29,22,25,33,24,25,21,24,25,25,20,18,29,19,23,23,17,24,23,19,21,16,14,14,18,17,15,14,17,16,16,8,13,7,15,8,8,11,15,14,12,13,7,16,11,10,14,9,11,3,9,1,4,9,7,8,4,7,1,1,5,0,1,2,1,0,0,0,1,0,0,0,0,0,0,0,0,0,0,0,0,0,0,0,0,0,0,0
綱島西五丁目,ツナシマニシ5,男,2780,24,11,26,25,25,31,23,23,29,36,21,36,31,28,31,31,26,45,33,39,27,28,33,27,30,23,33,42,43,47,33,33,39,35,41,32,46,33,40,46,31,37,23,49,32,37,64,56,56,60,56,53,70,58,41,39,56,36,38,27,28,34,26,24,27,18,20,14,28,22,14,21,20,33,22,14,20,12,23,23,20,14,10,14,10,10,9,9,8,3,5,6,7,1,1,3,3,0,0,0,0,0,0,0,0,0,0,0,0,0,0,0,0,0,0,0,0,0,0,0,0
綱島西五丁目,ツナシマニシ5,女,2849,23,25,18,23,27,12,19,24,21,20,34,37,35,23,34,42,32,36,35,26,29,31,33,25,20,37,33,33,25,40,42,37,34,32,38,46,35,34,31,42,48,39,36,39,47,56,48,73,61,54,50,47,50,47,58,29,40,39,41,35,26,21,21,21,19,13,22,14,21,21,21,28,27,34,28,22,23,25,34,24,24,28,17,22,25,11,8,9,17,9,19,11,5,7,2,5,2,1,1,0,1,0,0,0,0,0,0,0,0,0,0,0,0,0,0,0,0,0,0,0,0
綱島西六丁目,ツナシマニシ6,男,1514,14,14,15,16,8,18,11,12,13,18,7,15,7,16,15,9,11,7,9,14,12,17,14,19,28,34,17,27,34,28,26,32,26,32,29,18,25,15,23,19,25,26,26,28,18,21,25,23,32,23,30,31,25,20,15,14,29,23,22,18,19,17,18,18,16,9,15,14,9,5,16,16,11,20,15,7,5,6,7,8,12,3,8,6,5,5,4,2,2,6,2,2,1,2,2,1,2,0,0,0,0,0,0,0,0,0,0,0,0,0,0,0,0,0,0,0,0,0,0,0,0
綱島西六丁目,ツナシマニシ6,女,1527,11,21,13,15,11,7,9,13,4,9,9,20,8,18,7,14,10,11,19,11,19,16,19,17,26,25,33,25,28,24,25,32,29,17,34,22,26,24,29,13,19,28,25,20,22,16,19,28,34,28,32,28,14,23,19,18,30,17,24,13,19,12,9,20,17,7,13,8,8,10,14,8,10,14,12,12,11,13,13,12,8,7,14,7,8,9,11,2,9,8,6,3,5,3,1,0,3,0,1,0,0,0,0,0,0,0,0,0,0,0,0,0,0,0,0,0,0,0,0,0,0
綱島東一丁目,ツナシマヒガシ1,男,1361,20,16,15,17,8,10,7,10,6,7,8,8,4,3,8,10,4,4,5,7,7,4,11,22,24,35,28,43,31,34,45,39,31,39,40,27,30,14,26,29,27,32,26,23,19,29,18,25,20,20,27,19,21,17,20,16,14,18,19,18,10,12,12,10,9,5,7,5,7,9,9,6,14,9,6,4,6,9,5,8,6,5,3,4,1,3,3,2,0,0,2,1,1,1,1,2,0,0,0,0,0,0,0,0,0,0,0,0,0,0,0,0,0,0,0,0,0,0,0,0,0
綱島東一丁目,ツナシマヒガシ1,女,1447,30,20,17,15,6,7,7,9,2,6,8,11,7,4,4,5,3,8,7,12,11,8,14,14,18,23,34,37,39,36,46,50,33,24,38,35,33,21,29,25,25,19,25,20,29,23,22,30,32,27,21,21,25,27,25,15,15,17,15,17,11,12,15,7,5,13,6,5,8,8,8,11,7,11,12,7,4,9,8,8,8,8,7,7,4,5,2,4,4,4,1,3,1,2,1,1,1,1,1,0,0,1,0,0,0,0,0,0,0,0,0,0,0,0,0,0,0,0,0,0,0
綱島東二丁目,ツナシマヒガシ2,男,910,17,14,9,15,7,8,2,3,7,7,8,5,4,5,2,2,1,2,2,4,2,9,6,3,14,11,14,21,24,31,23,22,32,25,16,22,34,34,19,21,21,18,16,15,15,19,20,14,12,5,15,10,11,9,18,9,8,12,10,8,9,7,11,10,4,3,5,6,5,4,7,4,6,5,7,3,4,2,2,4,1,1,3,1,6,2,3,1,4,3,1,1,2,0,1,0,0,0,0,0,0,0,0,0,0,0,0,0,0,0,0,0,0,0,0,0,0,0,0,0,0
綱島東二丁目,ツナシマヒガシ2,女,941,14,13,15,7,15,12,11,11,6,5,1,3,6,4,5,5,5,4,1,5,4,5,7,17,11,18,20,29,22,28,22,28,32,29,23,21,28,18,24,23,18,19,9,19,11,14,17,10,12,15,5,7,13,12,5,6,7,7,8,11,9,9,12,3,6,4,2,3,4,6,8,7,5,7,3,3,1,4,6,4,3,6,7,5,2,2,4,1,6,3,1,4,3,2,0,0,1,1,0,2,0,0,0,0,0,0,0,0,0,0,0,0,0,0,0,0,0,0,0,0,0
綱島東三丁目,ツナシマヒガシ3,男,1741,28,27,21,14,17,19,18,10,12,7,18,17,14,8,6,7,21,16,26,18,19,16,27,23,19,26,29,26,38,49,41,34,31,38,29,39,36,43,31,29,37,38,35,33,35,27,38,31,24,29,26,27,31,26,28,21,23,26,18,25,24,11,15,7,12,8,9,9,3,4,9,5,9,10,10,5,4,10,5,8,11,6,3,4,8,1,0,1,2,1,1,0,0,1,0,0,0,0,0,0,0,0,0,0,0,0,0,0,0,0,0,0,0,0,0,0,0,0,0,0,0
綱島東三丁目,ツナシマヒガシ3,女,1691,25,20,27,25,21,13,15,13,16,16,15,13,6,12,14,8,8,9,12,12,15,12,25,24,27,22,20,36,41,57,41,36,42,35,44,35,29,33,27,39,35,24,30,32,24,26,34,34,35,26,20,28,27,23,20,23,21,24,17,17,23,9,9,9,11,2,6,7,8,6,6,7,14,9,10,4,10,10,9,8,11,2,3,3,10,2,4,3,0,4,4,1,2,3,0,1,0,0,0,0,0,0,1,0,0,0,0,0,0,0,0,0,0,0,0,0,0,0,0,0,0
綱島東四丁目,ツナシマヒガシ4,男,2266,26,27,33,45,37,45,51,31,31,28,33,27,15,18,14,10,14,12,11,14,15,20,15,21,22,23,32,23,29,27,32,26,24,32,37,36,47,49,34,63,45,60,47,53,53,46,58,57,39,49,52,46,34,27,38,26,32,28,29,27,21,24,10,12,19,14,6,9,19,12,9,7,20,10,14,4,8,5,11,3,9,9,6,5,8,3,1,1,3,3,1,2,1,1,0,1,0,0,0,0,0,0,0,0,0,0,0,0,0,0,0,0,0,0,0,0,0,0,0,0,0
綱島東四丁目,ツナシマヒガシ4,女,2169,30,30,25,26,33,28,39,35,36,25,21,29,33,14,14,15,16,19,11,20,17,16,19,22,28,21,14,23,24,26,25,34,21,37,35,37,41,43,38,66,53,34,60,54,44,51,37,52,42,42,33,46,38,32,32,22,20,24,21,20,13,20,15,23,7,10,11,11,13,14,5,15,15,16,18,9,8,10,5,9,6,7,10,8,6,7,6,5,4,2,3,5,4,3,1,1,0,1,0,0,0,0,0,0,0,0,0,0,0,0,0,0,0,0,0,0,0,0,0,0,0
綱島東五丁目,ツナシマヒガシ5,男,2049,25,25,34,38,22,21,26,18,13,16,11,16,16,8,25,11,15,13,13,20,11,22,22,23,19,26,23,39,30,33,29,34,31,29,34,44,48,39,54,37,19,36,40,40,36,36,32,34,28,39,32,28,41,38,39,25,30,26,19,23,24,19,17,16,15,14,15,19,14,11,15,15,18,14,18,13,10,10,11,18,13,13,2,8,9,8,4,9,3,3,5,2,2,2,3,2,0,1,0,0,0,0,0,0,0,0,0,0,0,0,0,0,0,0,0,0,0,0,0,0,0
綱島東五丁目,ツナシマヒガシ5,女,1994,23,32,38,28,19,22,11,23,16,14,19,11,16,19,15,10,10,15,16,15,16,17,18,25,25,29,24,30,17,29,26,39,43,34,40,31,43,42,38,26,28,24,21,32,38,43,26,25,20,35,31,37,24,34,32,24,21,16,27,19,23,16,9,17,14,11,10,11,10,8,11,27,25,29,15,13,16,15,19,23,19,14,8,12,11,19,13,9,11,7,5,4,6,3,4,0,3,0,1,1,1,0,0,0,0,0,0,0,0,0,0,0,0,0,0,0,0,0,0,0,0
綱島東六丁目,ツナシマヒガシ6,男,660,17,18,11,15,12,10,5,7,0,3,4,5,1,4,2,3,3,4,4,3,7,9,5,4,10,4,9,9,14,15,14,11,21,12,17,22,10,19,17,18,7,18,12,10,23,12,8,9,12,9,7,9,6,9,9,6,7,5,1,0,4,1,7,4,4,2,6,4,5,3,1,6,7,8,1,4,4,0,3,5,4,1,3,5,1,2,2,2,2,0,1,0,1,0,0,0,0,0,0,0,0,0,0,0,0,0,0,0,0,0,0,0,0,0,0,0,0,0,0,0,0
綱島東六丁目,ツナシマヒガシ6,女,606,12,9,9,13,9,10,6,6,4,7,6,2,7,3,2,0,4,4,3,2,3,2,2,7,8,9,10,10,13,13,10,8,22,22,14,14,16,18,8,12,11,15,8,14,11,12,4,15,7,7,8,12,5,9,4,3,2,5,3,1,3,5,2,3,6,3,4,8,1,6,4,8,4,2,6,4,1,5,3,4,5,3,3,0,2,5,3,1,0,0,5,0,2,0,0,0,0,0,0,0,0,0,0,0,0,0,0,0,0,0,0,0,0,0,0,0,0,0,0,0,0
